Rainfall_mm,Temperature_C,Humidity_%,Soil_Type,Crop_Type,Fertilizer_Used,Irrigation_Status,Region,Crop_Yield_tons_per_hectare
856.3,21.16,53.12,Silty,Sugarcane,Urea,No,South,74.431
852.7,30.34,53.36,Loamy,Cotton,DAP,Yes,South,2.998
565.27,24.03,47.84,Silty,Maize,NPK,Yes,Central,7.407
599.71,24.43,57.94,Silty,Cotton,DAP,Yes,Central,2.551
1048.52,33.24,65.55,Silty,Cotton,Urea,No,East,1.941
1047.54,14.61,45.18,Loamy,Rice,NPK,No,Central,4.726
1009.25,20.87,48.33,Loamy,Maize,None,Yes,South,5.157
650.18,27.23,46.38,Peaty,Maize,Compost,Yes,Central,5.802
836.29,26.98,53.01,Sandy,Maize,Urea,No,South,4.77
450.42,18.49,52.46,Sandy,Cotton,DAP,No,North,1.821
858.98,24.53,52.87,Peaty,Sugarcane,NPK,Yes,Central,80.687
863.51,31.79,60.62,Peaty,Maize,Urea,No,South,4.43
718.14,21.19,67.13,Silty,Soybean,Compost,Yes,West,3.759
964.49,32.4,54.63,Peaty,Cotton,DAP,Yes,East,1.903
1217.71,23.42,57.03,Clay,Rice,Urea,Yes,South,5.004
619.87,17.64,43.38,Sandy,Sugarcane,NPK,Yes,Central,65.433
594.5,31.1,43.61,Peaty,Soybean,NPK,Yes,Central,3.137
477.74,28.25,53.99,Clay,Soybean,NPK,No,North,3.16
713.6,19.67,60.34,Clay,Rice,Urea,Yes,West,4.529
1115.2,24.29,67.32,Clay,Sugarcane,Urea,Yes,South,69.351
713.93,35.62,45.88,Clay,Cotton,Compost,Yes,West,1.963
655.99,30.29,50.05,Silty,Wheat,Compost,No,North,3.438
1085.14,32.58,58.66,Clay,Sugarcane,Urea,No,East,59.969
400.25,21.31,61.74,Silty,Rice,Urea,Yes,West,5.406
547.58,33.13,53.32,Silty,Soybean,Urea,Yes,North,2.924
852.44,19.88,57.93,Clay,Cotton,None,Yes,South,2.021
978.82,20.04,61.8,Sandy,Sugarcane,NPK,Yes,East,69.969
576.57,31.18,48.1,Clay,Wheat,None,Yes,Central,2.675
680.25,20.34,56.83,Clay,Wheat,Urea,Yes,North,3.37
707.27,34.59,50.32,Clay,Maize,None,No,Central,4.273
1006.36,20.74,71.55,Sandy,Maize,Urea,Yes,East,5.183
527.92,22.14,43.59,Loamy,Rice,Compost,Yes,North,4.899
455.6,32.77,50.62,Loamy,Sugarcane,NPK,Yes,North,83.088
732.69,23.9,60.02,Silty,Sugarcane,DAP,No,East,78.927
940.75,30.98,58.18,Silty,Soybean,DAP,Yes,South,3.643
567.04,21.43,52.36,Sandy,Soybean,Urea,Yes,North,2.907
1080.14,25.62,59.99,Peaty,Soybean,Urea,No,East,2.626
660.85,30.7,45.91,Loamy,Maize,Compost,Yes,West,6.991
538.11,22.77,64.63,Unknown,Sugarcane,NPK,Yes,Central,100.134
430.78,32.11,45.75,Loamy,Sugarcane,NPK,Yes,North,84.899
850.92,25.2,46.57,Sandy,Wheat,Compost,No,West,2.442
597.84,27.6,46.17,Sandy,Maize,Compost,Yes,North,4.687
1020.48,21.99,71.04,Peaty,Cotton,Urea,No,South,2.188
1137.84,23.15,80.97,Peaty,Maize,Urea,Yes,East,4.054
402.44,22.78,51.02,Sandy,Cotton,None,Yes,North,1.569
948.92,23.96,65.3,Silty,Wheat,Urea,No,East,4.133
652.15,34.73,67.81,Loamy,Rice,NPK,Yes,North,5.336
777.67,32.6,47.87,Clay,Sugarcane,Urea,Yes,South,65.472
838.76,29.26,59.91,Peaty,Wheat,NPK,Yes,South,3.792
572.09,23.71,66.06,Clay,Sugarcane,NPK,No,West,74.107
789.28,22.79,62.5,Silty,Soybean,Urea,Yes,South,3.719
980.48,22.15,57.43,Peaty,Rice,DAP,Yes,East,5.202
827.13,25.48,59.44,Clay,Rice,NPK,Yes,South,6.205
490.22,28.4,64.71,Silty,Wheat,DAP,Yes,North,4.166
940.27,30.07,60.02,Loamy,Rice,Urea,Yes,South,5.332
1149.71,27.07,55.6,Silty,Cotton,NPK,Yes,East,2.507
664.69,29.83,58.19,Peaty,Rice,Urea,Yes,North,5.696
647.8399999999999,31.68,46.3,Sandy,Sugarcane,NPK,No,West,67.979
895.91,25.14,52.04,Loamy,Sugarcane,Compost,Yes,West,78.993
748.85,32.49,51.26,Clay,Sugarcane,Urea,Yes,West,66.577
670.68,22.08,53.26,Peaty,Sugarcane,NPK,No,North,76.691
625.54,29.93,45.75,Sandy,Cotton,Compost,No,West,1.764
842.01,27.16,60.13,Silty,Maize,DAP,No,South,7.429
606.4,27.88,49.35,Sandy,Soybean,DAP,Yes,North,2.944
685.93,25.16,60.27,Peaty,Wheat,DAP,No,North,3.525
576.17,33.24,51.85,Peaty,Sugarcane,DAP,No,North,64.863
605.03,23.98,50.87,Sandy,Rice,Urea,Yes,Central,4.595
807.46,33.94,55.23,Silty,Sugarcane,DAP,Yes,East,75.044
462.77,33.97,60.93,Sandy,Rice,DAP,Yes,Central,3.758
706.38,29.26,61.19,Peaty,Soybean,NPK,No,Central,3.014
822.39,25.44,45.02,Peaty,Soybean,NPK,Yes,Central,3.305
654.54,22.81,49.1,Clay,Soybean,Compost,Yes,East,3.311
608.88,17.03,52.95,Clay,Rice,NPK,Yes,Central,6.24
534.41,29.7,33.28,Loamy,Sugarcane,NPK,No,West,77.51
606.89,21.44,55.57,Peaty,Soybean,Compost,Yes,North,2.79
449.98,22.14,42.21,Clay,Cotton,Compost,No,North,1.681
715.43,29.76,48.43,Sandy,Rice,DAP,No,South,4.696
558.65,24.85,45.56,Silty,Rice,NPK,Yes,West,5.847
885.15,28.09,67.77,Sandy,Sugarcane,Urea,Yes,East,76.204
551.95,29.3,55.91,Silty,Rice,DAP,Yes,North,6.12
667.78,35.02,49.75,Clay,Rice,NPK,No,Central,4.478
966.37,27.99,54.83,Loamy,Soybean,Urea,No,South,3.033
899.06,24.25,59.3,Sandy,Sugarcane,Urea,No,South,68.29
702.25,26.62,66.81,Sandy,Soybean,Compost,Yes,North,3.051
582.81,24.11,49.6,Sandy,Soybean,Compost,Yes,West,2.899
993.02,36.4,44.96,Silty,Sugarcane,NPK,Yes,South,80.945
597.68,28.86,53.3,Clay,Wheat,NPK,Yes,North,3.662
605.69,29.92,54.3,Sandy,Soybean,Urea,No,West,2.926
653.2,33.76,56.02,Sandy,Cotton,Urea,Yes,North,1.915
429.67,22.76,48.29,Loamy,Cotton,NPK,Yes,North,2.792
835.98,19.87,57.81,Loamy,Rice,DAP,Yes,West,6.391
533.54,26.89,42.83,Clay,Cotton,Compost,Yes,West,2.285
448.9,19.88,57.71,Clay,Rice,Urea,Yes,West,4.788
337.19,24.94,42.55,Peaty,Wheat,Compost,Yes,North,3.331
913.66,16.11,56.21,Loamy,Sugarcane,Compost,No,South,62.233
915.38,27.075,61.45,Peaty,Sugarcane,Compost,Yes,East,65.868
1027.19,33.11,62.24,Silty,Sugarcane,Compost,No,East,70.739
384.6,29.02,60.3,Peaty,Cotton,Compost,Yes,North,2.168
623.05,35.99,62.94,Sandy,Wheat,DAP,No,North,2.369
927.61,26.84,54.61,Peaty,Cotton,Urea,Yes,South,2.354
581.38,26.65,67.45,Clay,Cotton,Urea,No,West,2.04
643.73,28.08,60.47,Silty,Wheat,DAP,No,North,3.534
786.26,44.94,56.77,Unknown,Wheat,DAP,Yes,Central,1.865
663.81,32.26,47.97,Peaty,Wheat,Compost,Yes,West,3.357
683.09,22.8,53.15,Silty,Wheat,DAP,Yes,North,3.564
866.57,29.04,42.0,Silty,Sugarcane,NPK,No,Central,83.055
781.72,27.76,59.98,Sandy,Maize,NPK,Yes,South,6.344
869.87,30.6,46.85,Peaty,Maize,DAP,Yes,Central,6.343
415.14,36.37,52.21,Silty,Wheat,Urea,Yes,North,3.072
1115.73,29.94,58.48,Silty,Maize,Urea,No,East,5.512
692.08,25.15,54.86,Loamy,Maize,Compost,No,North,6.588
973.8,36.32,54.55,Silty,Wheat,DAP,Yes,East,2.883
892.01,20.47,52.07,Loamy,Maize,Urea,Yes,South,7.168
855.15,25.64,62.98,Peaty,Cotton,NPK,No,South,2.109
526.34,31.51,45.52,Peaty,Rice,Urea,No,West,4.149
554.33,23.05,43.87,Peaty,Rice,Compost,Yes,West,4.454
1074.49,26.74,53.09,Clay,Wheat,Compost,Yes,East,2.843
1128.35,23.49,69.41,Peaty,Sugarcane,NPK,No,East,64.833
897.83,26.81,49.0,Silty,Wheat,Urea,Yes,South,3.947
548.48,23.5,51.01,Sandy,Sugarcane,NPK,Yes,Central,81.705
828.06,27.4,74.26,Loamy,Rice,NPK,No,East,6.841
984.08,25.35,54.17,Clay,Wheat,Urea,Yes,East,3.509
620.86,33.64,46.17,Peaty,Soybean,Urea,No,Central,2.429
827.93,28.93,65.25,Peaty,Cotton,DAP,Yes,West,2.178
544.66,30.69,41.4,Sandy,Maize,NPK,No,West,6.226
1089.61,27.72,70.47,Sandy,Sugarcane,NPK,Yes,East,75.625
556.91,24.83,48.09,Clay,Soybean,Compost,No,West,2.974
607.48,28.67,59.37,Loamy,Maize,NPK,Yes,West,8.563
675.82,28.01,57.02,Peaty,Maize,Urea,Yes,West,6.347
977.94,14.89,64.16,Clay,Wheat,Urea,Yes,South,2.945
613.38,27.17,48.73,Silty,Maize,None,No,North,5.728
916.02,30.36,55.18,Silty,Cotton,NPK,Yes,East,2.336
1015.05,23.42,56.13,Clay,Soybean,Compost,Yes,East,2.796
843.78,31.34,67.51,Peaty,Maize,NPK,Yes,South,6.65
335.31,28.78,46.75,Clay,Wheat,None,Yes,North,1.996
584.34,25.02,67.28,Peaty,Cotton,NPK,No,North,2.091
1089.41,29.71,63.64,Sandy,Rice,NPK,No,South,3.992
931.63,25.16,57.15,Clay,Soybean,NPK,Yes,Central,3.604
747.61,28.38,53.22,Peaty,Maize,Urea,Yes,Central,7.071
587.79,25.7,46.18,Clay,Wheat,NPK,No,North,3.373
307.1,29.75,47.94,Clay,Rice,Urea,No,Central,4.389
1109.1,33.73,61.47,Peaty,Rice,NPK,No,Central,3.874
914.65,24.82,53.38,Peaty,Sugarcane,Compost,Yes,Central,68.591
663.87,31.51,52.8,Loamy,Cotton,NPK,Yes,North,2.621
710.8,25.51,50.21,Clay,Maize,Compost,Yes,Central,6.174
665.37,25.54,55.6,Silty,Wheat,Urea,Yes,East,3.564
577.35,25.02,57.27,Clay,Sugarcane,DAP,No,North,91.356
904.77,18.56,53.08,Clay,Cotton,None,Yes,South,1.644
488.61,29.5,46.12,Peaty,Sugarcane,None,Yes,Central,58.556
717.22,28.42,47.11,Clay,Soybean,DAP,No,West,3.0
735.49,27.81,63.78,Clay,Cotton,None,Yes,North,2.046
951.08,34.77,44.82,Silty,Cotton,NPK,No,South,2.067
1050.59,27.075,55.74,Peaty,Maize,Compost,Yes,East,4.845
960.22,33.54,64.88,Clay,Cotton,Urea,Yes,South,2.153
651.58,25.82,47.98,Sandy,Sugarcane,None,Yes,Central,57.713
763.75,25.57,49.93,Loamy,Cotton,Compost,Yes,West,2.779
928.57,21.91,63.95,Silty,Maize,NPK,Yes,Central,7.681
906.19,27.31,39.98,Clay,Maize,NPK,Yes,South,6.035
436.69,27.04,48.97,Sandy,Soybean,NPK,Yes,North,3.025
442.17,29.69,44.44,Clay,Sugarcane,NPK,No,West,70.558
725.14,21.66,50.26,Unknown,Rice,DAP,Yes,West,5.349
992.13,25.13,68.38,Peaty,Rice,DAP,Yes,South,5.231
754.59,18.53,54.93,Peaty,Cotton,DAP,Yes,Central,2.469
864.66,23.42,48.06,Peaty,Soybean,Urea,Yes,South,3.005
691.57,31.46,42.0,Sandy,Wheat,Compost,Yes,West,2.973
819.66,21.49,55.91,Clay,Cotton,NPK,Yes,South,2.592
543.38,35.72,39.85,Loamy,Soybean,NPK,Yes,West,3.286
550.56,32.04,60.66,Silty,Sugarcane,Urea,Yes,Central,83.533
402.12,29.51,39.21,Peaty,Sugarcane,Compost,Yes,North,62.859
629.57,33.67,52.49,Peaty,Sugarcane,Urea,No,North,45.943
859.61,26.39,41.63,Clay,Sugarcane,Urea,Yes,South,64.436
547.79,23.31,35.79,Clay,Sugarcane,Urea,Yes,West,73.957
345.71,26.52,45.24,Sandy,Soybean,NPK,No,North,2.416
750.66,18.41,80.61,Sandy,Soybean,Urea,No,West,2.155
860.46,32.95,52.71,Peaty,Maize,NPK,No,Central,5.478
746.38,25.26,60.45,Unknown,Rice,Urea,Yes,South,5.029
631.3,23.22,48.68,Loamy,Sugarcane,NPK,No,West,88.514
760.12,23.8,63.34,Silty,Wheat,NPK,No,South,4.341
628.73,27.08,51.84,Clay,Soybean,None,No,West,2.347
741.19,27.6,44.85,Clay,Wheat,NPK,Yes,West,3.901
942.75,26.27,56.86,Sandy,Wheat,None,Yes,Central,2.464
832.95,26.25,42.41,Silty,Wheat,NPK,No,South,4.129
1104.99,29.75,54.99,Peaty,Maize,NPK,Yes,East,6.369
758.65,21.51,58.22,Clay,Soybean,Urea,Yes,West,3.071
627.33,28.13,47.31,Peaty,Wheat,DAP,Yes,West,3.473
724.01,25.41,51.0,Clay,Sugarcane,Urea,Yes,North,75.166
850.84,27.19,64.53,Peaty,Cotton,Compost,Yes,South,1.896
1065.31,21.58,57.29,Silty,Wheat,Compost,Yes,East,3.408
613.96,23.04,56.38,Sandy,Maize,NPK,No,Central,5.934
1079.73,35.35,56.83,Silty,Soybean,None,Yes,East,2.269
764.68,29.26,62.63,Loamy,Maize,DAP,Yes,Central,6.928
1178.1,28.35,74.04,Sandy,Wheat,Compost,No,East,2.342
1275.34,24.57,49.76,Silty,Soybean,None,Yes,East,1.969
904.26,24.44,52.87,Loamy,Cotton,DAP,Yes,South,2.847
650.6,21.09,51.13,Clay,Wheat,NPK,Yes,North,3.743
941.4,25.37,53.35,Clay,Maize,Urea,Yes,East,6.87
310.15,33.88,53.06,Peaty,Rice,NPK,Yes,West,4.59
844.75,20.41,58.65,Sandy,Sugarcane,DAP,No,West,64.621
928.43,24.07,51.0,Clay,Maize,NPK,No,West,6.256
596.95,31.63,63.28,Sandy,Soybean,Compost,No,North,2.319
849.08,31.62,60.05,Clay,Wheat,Urea,Yes,East,3.197
906.68,23.4,47.49,Peaty,Sugarcane,Urea,Yes,Central,69.88
865.76,32.82,52.47,Silty,Wheat,Compost,Yes,Central,3.16
594.4,24.83,58.56,Peaty,Soybean,None,Yes,South,2.705
571.06,21.25,58.85,Loamy,Wheat,NPK,Yes,North,4.421
1036.42,34.49,71.96,Clay,Rice,Compost,No,East,3.593
409.34,27.46,67.96,Loamy,Sugarcane,DAP,Yes,West,86.526
388.17,26.16,51.11,Loamy,Sugarcane,Compost,Yes,North,77.341
713.73,27.87,64.49,Sandy,Soybean,NPK,Yes,North,3.372
1010.46,22.15,81.58,Clay,Rice,NPK,Yes,East,5.3
757.51,24.19,55.03,Loamy,Maize,DAP,No,South,7.376
799.59,34.18,49.72,Silty,Wheat,NPK,No,South,3.49
719.83,36.3,56.44,Loamy,Cotton,NPK,Yes,South,2.68
661.31,21.43,65.97,Silty,Wheat,None,Yes,West,3.304
762.85,25.05,69.76,Sandy,Wheat,None,No,West,2.262
1176.5,27.02,64.7,Loamy,Maize,NPK,No,East,6.49
799.8,28.0,54.68,Peaty,Wheat,NPK,No,South,3.519
946.93,22.25,48.74,Sandy,Rice,DAP,Yes,East,4.273
975.17,30.25,60.14,Silty,Rice,NPK,Yes,South,5.552
692.89,30.63,44.43,Sandy,Sugarcane,DAP,Yes,North,64.38
755.62,31.25,47.34,Loamy,Soybean,DAP,Yes,Central,3.521
890.13,27.005000000000003,59.69,Clay,Cotton,DAP,No,Central,2.249
1172.54,27.41,53.23,Clay,Wheat,NPK,Yes,South,3.307
755.5,31.95,57.95,Silty,Wheat,Urea,Yes,East,3.531
877.85,29.72,65.15,Silty,Maize,Compost,Yes,West,6.012
1094.79,19.58,53.47,Clay,Soybean,Compost,No,South,2.448
723.67,19.62,49.76,Silty,Rice,Urea,Yes,South,5.668
719.57,28.54,42.82,Sandy,Cotton,Urea,Yes,West,2.417
995.4,33.43,64.66,Peaty,Sugarcane,NPK,No,South,68.609
386.53,29.23,35.83,Peaty,Rice,NPK,Yes,North,4.354
640.84,29.94,58.41,Sandy,Soybean,DAP,Yes,West,2.851
573.46,21.7,53.79,Peaty,Sugarcane,NPK,Yes,North,83.016
538.01,27.34,68.03,Loamy,Maize,NPK,No,Central,7.477
647.8399999999999,32.71,65.36,Sandy,Maize,DAP,No,West,4.967
860.18,29.23,47.71,Silty,Wheat,NPK,No,West,3.749
1252.5,27.52,79.65,Sandy,Soybean,None,No,East,1.551
834.46,29.97,52.41,Unknown,Cotton,Compost,No,East,2.3
250.29,28.13,38.55,Silty,Sugarcane,Urea,No,West,58.326
885.6,32.87,53.65,Clay,Rice,None,Yes,Central,3.586
1173.36,28.13,61.16,Silty,Soybean,Compost,No,South,2.406
1131.51,26.85,79.9,Peaty,Soybean,Urea,Yes,East,2.115
656.95,21.76,30.62,Sandy,Maize,Compost,No,Central,4.24
537.44,33.07,65.57,Loamy,Wheat,Compost,No,Central,3.067
1092.52,22.3,68.49,Silty,Wheat,NPK,Yes,East,3.673
1058.2,28.19,62.51,Silty,Sugarcane,Compost,Yes,South,66.651
901.03,31.0,53.23,Clay,Maize,DAP,Yes,East,5.967
741.26,35.95,54.08,Peaty,Soybean,NPK,Yes,Central,2.649
484.79,28.13,56.51,Clay,Cotton,Compost,Yes,North,2.152
1113.09,33.96,69.96,Unknown,Maize,Urea,Yes,East,5.219
391.17,27.14,41.17,Peaty,Sugarcane,Compost,Yes,Central,57.988
1059.5,24.2,67.38,Loamy,Sugarcane,NPK,No,East,87.466
645.11,40.83,48.2,Clay,Maize,Urea,Yes,Central,3.795
1174.81,20.91,57.89,Clay,Sugarcane,Compost,Yes,South,56.602
746.8,41.61,53.87,Silty,Maize,DAP,Yes,Central,4.923
756.16,35.14,61.47,Peaty,Rice,DAP,No,West,4.05
408.53,24.13,35.22,Sandy,Maize,DAP,Yes,North,5.334
666.79,30.25,54.42,Loamy,Maize,DAP,Yes,Central,7.833
1059.18,20.01,64.54,Loamy,Sugarcane,NPK,Yes,East,86.7
946.09,29.97,60.11,Peaty,Sugarcane,DAP,Yes,East,75.536
663.66,28.61,33.14,Silty,Wheat,NPK,Yes,Central,3.83
689.44,31.33,42.95,Silty,Wheat,Urea,Yes,West,3.334
443.01,24.98,34.67,Peaty,Rice,None,Yes,Central,3.479
821.34,27.8,51.35,Silty,Wheat,Compost,No,South,3.519
768.32,29.38,56.47,Loamy,Maize,NPK,No,West,7.956
640.95,24.56,48.64,Loamy,Sugarcane,DAP,Yes,Central,89.295
900.49,34.03,53.04,Sandy,Wheat,DAP,No,North,2.817
663.61,27.65,39.34,Peaty,Wheat,Urea,Yes,West,3.18
422.2,28.72,38.45,Clay,Rice,None,Yes,Central,3.895
616.58,22.84,44.69,Clay,Soybean,Compost,Yes,North,3.153
541.61,18.74,57.89,Unknown,Rice,Compost,Yes,Central,3.946
951.0,20.27,62.47,Sandy,Maize,NPK,Yes,South,5.929
915.14,29.98,64.57,Silty,Sugarcane,DAP,No,East,66.787
625.09,23.05,56.2,Sandy,Rice,NPK,No,Central,4.657
805.27,30.64,62.68,Sandy,Wheat,NPK,Yes,West,3.723
462.48,35.27,38.32,Clay,Sugarcane,NPK,Yes,Central,56.381
627.21,30.85,63.23,Silty,Sugarcane,Compost,Yes,Central,74.058
610.45,29.13,60.59,Sandy,Wheat,DAP,Yes,Central,3.205
900.56,30.28,55.02,Sandy,Rice,Urea,Yes,Central,3.754
597.66,32.52,59.71,Silty,Wheat,NPK,No,West,3.094
508.76,28.56,59.9,Peaty,Soybean,Compost,Yes,West,3.461
734.69,30.32,54.27,Silty,Sugarcane,DAP,No,Central,81.193
865.86,24.17,61.61,Clay,Cotton,None,Yes,East,2.202
587.59,22.12,47.6,Peaty,Cotton,Urea,No,Central,2.074
753.52,24.47,65.63,Loamy,Maize,NPK,No,West,8.226
470.09,25.37,45.78,Silty,Wheat,None,No,South,2.555
555.4,25.16,53.62,Clay,Wheat,NPK,No,Central,3.791
598.48,32.73,51.63,Peaty,Maize,NPK,Yes,Central,7.038
931.77,13.42,53.98,Silty,Maize,DAP,Yes,Central,5.334
766.8,25.93,41.7,Sandy,Maize,Urea,No,Central,4.984
545.24,30.72,57.99,Silty,Sugarcane,NPK,Yes,North,84.433
684.52,30.53,53.41,Loamy,Soybean,DAP,No,Central,3.564
668.52,22.91,68.02,Silty,Wheat,Urea,Yes,West,4.215
686.84,35.69,63.47,Peaty,Sugarcane,NPK,Yes,West,70.287
568.83,20.08,61.0,Peaty,Maize,DAP,Yes,North,5.696
991.99,25.25,65.71,Silty,Wheat,None,No,Central,3.124
934.12,25.45,64.72,Peaty,Sugarcane,NPK,No,East,71.225
726.16,25.4,55.77,Sandy,Soybean,NPK,Yes,Central,3.443
655.7,33.8,59.71,Silty,Sugarcane,NPK,Yes,West,86.057
1040.89,27.08,57.23,Sandy,Soybean,NPK,No,South,2.681
796.02,28.6,36.38,Sandy,Maize,NPK,No,South,4.933
944.98,31.4,64.56,Clay,Soybean,Compost,Yes,East,2.799
473.25,23.8,55.31,Silty,Wheat,DAP,No,Central,3.843
698.05,26.23,43.39,Peaty,Maize,NPK,Yes,North,6.386
471.57,35.38,53.54,Sandy,Wheat,NPK,Yes,Central,2.682
1080.93,28.89,65.6,Clay,Cotton,Compost,Yes,East,1.985
1252.16,21.53,73.68,Silty,Rice,Urea,No,East,3.766
1288.86,22.72,64.93,Silty,Soybean,Compost,No,East,2.007
854.1,31.46,44.91,Loamy,Rice,Urea,No,South,4.915
648.12,21.35,49.09,Loamy,Rice,None,No,Central,4.742
688.88,24.64,49.88,Sandy,Soybean,None,Yes,Central,2.425
685.11,28.02,52.76,Loamy,Maize,Urea,No,North,7.703
980.19,27.07,60.58,Sandy,Cotton,NPK,Yes,East,2.077
958.94,34.42,57.28,Peaty,Wheat,Urea,No,East,2.529
810.91,14.75,59.39,Sandy,Sugarcane,NPK,Yes,West,72.778
656.55,29.41,44.35,Loamy,Wheat,DAP,No,West,3.613
877.04,25.59,57.89,Peaty,Sugarcane,NPK,No,South,72.684
568.58,33.59,45.3,Loamy,Wheat,DAP,No,Central,3.413
704.05,25.82,52.47,Sandy,Soybean,Urea,No,North,2.767
587.06,25.97,37.11,Clay,Cotton,DAP,Yes,North,2.26
998.24,26.98,67.51,Silty,Sugarcane,Urea,No,East,75.181
270.7,23.69,42.97,Loamy,Maize,Compost,Yes,North,5.786
1143.17,24.05,65.57,Sandy,Wheat,Urea,No,East,2.516
529.86,26.26,44.03,Peaty,Wheat,Compost,No,Central,2.863
617.79,35.22,47.88,Loamy,Sugarcane,NPK,Yes,North,80.753
883.22,24.54,49.94,Loamy,Maize,NPK,No,East,7.129
539.04,23.56,52.05,Silty,Maize,NPK,Yes,Central,7.87
839.22,25.0,61.39,Sandy,Soybean,None,No,Central,2.15
1015.25,27.02,52.3,Clay,Soybean,Urea,No,East,2.807
1006.16,35.96,61.24,Peaty,Soybean,Urea,Yes,East,2.646
1192.58,23.18,61.89,Sandy,Soybean,Compost,Yes,South,2.5
990.26,39.5,61.36,Peaty,Soybean,NPK,Yes,Central,1.977
962.96,29.26,52.07,Loamy,Soybean,None,No,East,2.75
503.93,22.0,53.8,Silty,Cotton,Urea,No,Central,2.234
762.07,24.26,53.01,Silty,Maize,DAP,Yes,North,7.537
448.31,17.32,47.86,Clay,Soybean,Urea,No,West,2.455
721.28,27.53,73.15,Silty,Maize,NPK,Yes,West,7.843
959.82,32.26,45.1,Loamy,Maize,Compost,Yes,East,6.27
1011.4,27.16,64.55,Clay,Rice,Urea,Yes,East,4.989
883.94,31.01,61.16,Sandy,Cotton,Compost,Yes,Central,1.799
881.97,29.14,62.68,Silty,Soybean,NPK,Yes,East,3.729
608.78,33.05,56.86,Clay,Wheat,NPK,Yes,Central,3.96
1113.71,22.1,63.82,Loamy,Sugarcane,Urea,Yes,East,87.091
700.96,31.41,62.63,Peaty,Wheat,NPK,No,Central,3.121
1371.13,36.43,88.91,Peaty,Cotton,Compost,Yes,East,0.861
682.38,39.83,52.27,Loamy,Sugarcane,NPK,Yes,South,68.164
637.06,34.1,51.28,Loamy,Cotton,NPK,Yes,Central,2.673
745.27,27.86,46.37,Peaty,Maize,Urea,Yes,South,6.207
1026.98,22.17,57.89,Clay,Sugarcane,Urea,Yes,South,64.251
909.13,22.92,59.97,Peaty,Maize,NPK,Yes,South,6.478
1031.67,26.13,63.59,Loamy,Wheat,Urea,No,South,3.824
490.73,36.3,48.91,Silty,Wheat,NPK,No,North,2.837
754.93,24.35,60.32,Sandy,Sugarcane,NPK,Yes,West,88.353
523.16,27.9,47.26,Silty,Sugarcane,NPK,Yes,North,97.211
1021.33,31.7,80.31,Silty,Soybean,DAP,Yes,East,2.947
913.56,10.57,59.49,Loamy,Cotton,DAP,Yes,East,2.097
854.01,21.68,62.47,Peaty,Soybean,NPK,No,West,3.232
647.8399999999999,36.77,50.5,Clay,Cotton,Urea,No,West,1.575
632.94,32.21,47.84,Silty,Soybean,NPK,No,West,3.442
1167.13,32.25,59.29,Peaty,Maize,NPK,Yes,South,5.705
741.4,22.3,45.65,Clay,Sugarcane,DAP,No,North,68.431
873.52,34.26,43.69,Silty,Wheat,NPK,Yes,East,4.039
431.15,22.92,56.22,Clay,Cotton,Urea,Yes,North,2.331
627.11,27.46,47.67,Peaty,Cotton,DAP,Yes,North,2.046
647.49,30.47,52.44,Sandy,Wheat,None,No,North,2.096
828.49,31.16,68.83,Peaty,Soybean,None,No,West,2.769
438.61,29.47,52.18,Loamy,Cotton,Compost,Yes,West,2.352
1197.37,26.0,65.15,Clay,Maize,None,Yes,East,5.037
864.79,17.76,55.61,Sandy,Sugarcane,Compost,No,East,54.113
1200.2,27.41,62.78,Clay,Wheat,DAP,No,East,2.714
307.69,16.16,63.77,Clay,Sugarcane,DAP,Yes,North,57.735
482.91,29.84,51.04,Silty,Cotton,None,No,West,1.838
1158.15,22.11,87.1,Loamy,Cotton,Urea,Yes,South,2.05
816.41,26.2,45.92,Clay,Wheat,Compost,No,North,3.048
715.05,24.44,54.68,Peaty,Maize,Compost,Yes,Central,6.099
500.61,29.83,59.34,Peaty,Rice,NPK,Yes,North,5.77
647.59,23.05,61.59,Silty,Wheat,Compost,No,West,3.424
762.21,28.28,60.3,Loamy,Rice,DAP,No,Central,5.186
625.72,27.92,47.63,Loamy,Soybean,Urea,Yes,North,3.65
605.79,27.33,41.61,Peaty,Rice,Compost,Yes,West,4.218
359.68,28.96,45.76,Sandy,Maize,NPK,Yes,West,6.297
818.44,20.99,64.71,Silty,Soybean,Compost,Yes,South,3.603
316.75,21.17,59.94,Silty,Rice,NPK,No,North,4.73
764.87,34.17,56.18,Peaty,Soybean,Urea,Yes,West,2.86
1055.33,19.3,60.32,Peaty,Rice,NPK,No,East,4.112
633.31,37.83,54.34,Sandy,Maize,Compost,Yes,West,4.08
862.38,26.31,59.01,Sandy,Rice,Urea,No,South,4.746
944.92,22.75,68.39,Loamy,Rice,Compost,Yes,West,6.102
721.96,31.31,51.49,Silty,Rice,NPK,Yes,North,6.195
580.8,24.19,50.67,Silty,Wheat,NPK,Yes,North,3.865
619.29,28.69,56.08,Peaty,Wheat,DAP,No,Central,3.051
743.5,33.22,49.81,Loamy,Wheat,NPK,Yes,North,4.161
716.58,30.57,46.98,Silty,Maize,Urea,Yes,Central,6.304
902.75,29.13,69.28,Loamy,Soybean,Urea,No,East,3.716
811.41,30.27,56.04,Loamy,Cotton,Compost,No,South,2.18
1099.28,27.2,69.11,Peaty,Rice,NPK,No,East,4.268
842.85,31.06,62.38,Loamy,Rice,NPK,Yes,Central,6.016
745.34,21.64,43.9,Sandy,Maize,DAP,Yes,West,5.631
748.63,34.3,49.75,Sandy,Rice,Urea,No,West,3.19
954.36,26.22,59.6,Clay,Wheat,Compost,Yes,East,3.187
568.37,27.89,49.44,Peaty,Cotton,Urea,Yes,West,2.131
722.29,25.43,56.4,Clay,Sugarcane,Urea,Yes,Central,77.471
887.7,30.03,59.24,Sandy,Rice,DAP,No,South,4.592
399.88,32.27,54.28,Clay,Wheat,DAP,Yes,North,3.208
695.16,22.04,53.55,Peaty,Sugarcane,DAP,No,Central,74.583
803.5,26.65,56.63,Peaty,Cotton,Compost,Yes,Central,2.583
491.44,27.85,38.33,Unknown,Sugarcane,Urea,No,North,62.934
788.09,29.18,50.95,Silty,Wheat,Urea,No,North,3.399
712.23,25.54,49.83,Loamy,Soybean,NPK,Yes,South,4.009
776.38,24.84,51.98,Peaty,Soybean,Urea,Yes,South,3.139
814.08,31.43,53.31,Sandy,Sugarcane,Compost,No,South,56.796
773.37,29.54,60.27,Sandy,Maize,Urea,Yes,West,6.639
731.86,28.08,68.81,Loamy,Sugarcane,DAP,No,Central,91.582
417.09,33.25,37.54,Peaty,Rice,Urea,No,North,3.642
419.16,20.31,46.78,Sandy,Rice,Urea,Yes,Central,4.687
521.99,30.99,43.51,Peaty,Soybean,Compost,Yes,Central,3.08
637.01,28.87,42.03,Sandy,Maize,None,Yes,South,5.271
1031.02,19.73,56.4,Peaty,Wheat,Urea,No,South,2.951
541.14,32.83,42.4,Clay,Rice,DAP,Yes,Central,4.502
1002.08,29.95,61.9,Peaty,Soybean,NPK,No,South,2.939
731.57,30.62,53.33,Peaty,Cotton,Compost,No,West,1.581
728.74,25.48,52.19,Loamy,Soybean,NPK,Yes,North,4.445
592.8,30.81,54.32,Clay,Rice,Urea,Yes,Central,4.924
610.71,23.35,40.76,Silty,Rice,None,Yes,North,4.421
668.25,20.27,45.26,Loamy,Soybean,DAP,No,West,3.576
918.67,26.93,61.21,Silty,Wheat,DAP,Yes,South,3.482
997.15,30.38,51.75,Sandy,Sugarcane,NPK,Yes,East,73.148
776.29,32.07,39.19,Silty,Rice,Compost,No,West,4.559
1109.88,27.75,75.02,Peaty,Soybean,Compost,Yes,East,2.444
549.62,27.37,53.73,Silty,Soybean,NPK,Yes,North,3.881
631.09,32.07,60.75,Loamy,Maize,Compost,Yes,Central,6.641
813.84,25.33,50.47,Loamy,Sugarcane,Urea,No,South,98.236
655.31,24.19,42.05,Silty,Cotton,NPK,Yes,West,2.578
933.27,35.09,60.97,Loamy,Wheat,Urea,Yes,South,3.511
986.28,25.61,50.91,Loamy,Cotton,NPK,No,East,2.606
806.23,31.58,64.28,Silty,Sugarcane,None,Yes,East,68.538
654.3,33.8,54.99,Clay,Sugarcane,DAP,No,Central,68.107
920.94,28.05,59.98,Clay,Sugarcane,DAP,Yes,East,81.384
702.26,28.32,55.69,Sandy,Cotton,Urea,Yes,Central,2.103
1030.42,35.99,76.88,Loamy,Sugarcane,Urea,Yes,West,60.199
764.52,20.46,60.53,Silty,Soybean,None,Yes,Central,2.932
1189.34,20.38,62.17,Loamy,Cotton,Urea,Yes,East,2.031
447.39,31.08,50.04,Peaty,Sugarcane,DAP,Yes,North,66.748
703.28,24.96,47.11,Loamy,Soybean,NPK,Yes,Central,3.959
1084.3,31.31,57.49,Loamy,Maize,NPK,Yes,South,7.049
312.93,26.72,56.27,Clay,Sugarcane,Compost,Yes,North,56.461
664.99,31.16,53.64,Silty,Cotton,Compost,Yes,Central,2.365
993.1,22.59,65.96,Loamy,Rice,NPK,Yes,South,5.793
539.11,30.07,43.67,Clay,Sugarcane,None,No,North,56.325
614.82,24.5,59.07,Sandy,Rice,Compost,Yes,Central,4.418
573.24,30.6,49.88,Clay,Soybean,Compost,Yes,West,2.857
904.26,38.82,60.76,Clay,Maize,Urea,No,South,3.671
414.43,22.98,48.77,Clay,Wheat,Urea,Yes,West,3.73
1018.69,25.23,61.83,Loamy,Maize,Compost,Yes,East,7.393
808.88,26.36,55.3,Loamy,Sugarcane,None,Yes,Central,79.649
645.68,27.005000000000003,63.19,Sandy,Rice,NPK,No,Central,4.616
666.0,15.54,41.28,Peaty,Rice,None,Yes,South,4.229
623.19,27.17,56.73,Peaty,Cotton,Compost,No,Central,2.069
981.44,25.91,60.05,Peaty,Rice,NPK,No,East,4.926
538.52,25.94,43.12,Sandy,Cotton,NPK,Yes,Central,2.153
554.59,28.47,68.2,Peaty,Soybean,Compost,No,North,2.878
675.81,28.77,45.91,Peaty,Wheat,DAP,Yes,West,3.436
1180.39,28.69,49.07,Clay,Sugarcane,Compost,Yes,East,47.671
975.26,21.61,67.15,Loamy,Cotton,NPK,Yes,East,2.868
666.76,25.75,49.39,Loamy,Wheat,DAP,No,West,4.031
567.36,25.54,61.54,Clay,Rice,None,Yes,West,4.662
928.42,29.64,40.56,Clay,Rice,Urea,Yes,East,4.973
755.63,22.17,69.94,Clay,Wheat,NPK,No,West,3.613
864.83,27.97,64.84,Loamy,Rice,Compost,No,South,5.589
773.99,35.04,53.82,Peaty,Soybean,NPK,No,West,2.785
542.98,13.7,37.0,Clay,Soybean,DAP,Yes,North,2.318
378.43,26.15,36.92,Sandy,Wheat,None,Yes,North,2.304
796.06,17.08,50.39,Clay,Cotton,Compost,Yes,South,2.144
1012.76,27.0,65.96,Silty,Cotton,DAP,No,West,2.506
534.93,31.18,43.8,Clay,Wheat,Compost,Yes,North,2.827
457.7,24.45,32.75,Loamy,Cotton,DAP,No,Central,2.072
479.25,31.63,51.41,Clay,Cotton,DAP,Yes,West,2.425
793.07,33.8,63.83,Silty,Soybean,DAP,No,South,2.983
516.01,29.01,67.9,Sandy,Cotton,NPK,No,West,2.313
835.12,24.43,48.5,Peaty,Maize,Compost,No,East,4.721
1219.35,29.68,57.03,Clay,Sugarcane,NPK,Yes,East,60.135
649.7,35.4,29.04,Silty,Rice,DAP,Yes,North,4.248
970.03,20.34,47.02,Silty,Maize,DAP,Yes,East,6.916
811.91,32.54,47.71,Sandy,Cotton,None,Yes,South,1.796
525.75,20.56,43.37,Loamy,Soybean,Compost,Yes,North,3.464
1167.12,19.41,59.07,Clay,Wheat,None,No,South,1.375
770.24,20.83,60.14,Silty,Cotton,Urea,Yes,South,2.609
763.43,26.8,59.36,Sandy,Soybean,Urea,No,East,2.8
1100.1,33.31,57.89,Peaty,Sugarcane,NPK,Yes,East,66.738
1051.22,16.94,61.15,Silty,Cotton,NPK,Yes,South,2.306
1217.75,31.95,53.49,Sandy,Wheat,Urea,Yes,East,2.528
947.15,26.23,54.42,Loamy,Soybean,DAP,No,East,3.433
948.72,21.49,48.64,Loamy,Soybean,NPK,Yes,East,3.669
951.84,29.96,53.12,Silty,Soybean,Compost,No,West,2.805
989.32,24.63,74.63,Silty,Sugarcane,NPK,Yes,South,99.78
687.24,38.29,54.91,Clay,Cotton,DAP,No,Central,1.611
975.51,29.49,54.76,Sandy,Sugarcane,DAP,Yes,South,71.673
484.6,27.28,53.51,Silty,Rice,None,Yes,North,5.155
1045.18,30.24,57.74,Clay,Rice,Urea,No,East,3.789
1042.75,33.72,74.33,Clay,Cotton,Compost,No,East,1.645
825.13,34.2,59.32,Silty,Sugarcane,NPK,Yes,Central,87.082
402.26,31.64,38.76,Loamy,Wheat,Urea,No,North,3.591
703.31,33.88,64.62,Sandy,Soybean,DAP,Yes,West,3.075
725.01,33.02,59.45,Sandy,Soybean,Compost,No,South,2.225
931.33,31.55,62.36,Loamy,Cotton,Compost,Yes,West,2.663
487.12,25.03,56.35,Silty,Rice,Compost,Yes,North,5.285
451.77,33.29,54.87,Sandy,Rice,DAP,Yes,Central,3.943
966.6,24.86,63.43,Silty,Soybean,Compost,No,North,3.276
621.84,28.32,51.14,Silty,Cotton,Compost,No,Central,1.975
664.24,25.12,60.54,Clay,Sugarcane,NPK,Yes,West,84.916
395.7,30.37,46.54,Loamy,Rice,Urea,No,West,5.217
542.05,33.4,61.47,Silty,Sugarcane,Compost,Yes,North,75.55
800.91,24.97,60.0,Peaty,Rice,None,No,North,3.707
1105.74,19.94,63.61,Loamy,Rice,Compost,Yes,East,4.958
444.87,32.05,53.96,Sandy,Maize,NPK,Yes,Central,5.763
885.52,32.18,58.97,Clay,Rice,Compost,Yes,East,5.024
1037.73,34.82,70.95,Sandy,Wheat,NPK,Yes,South,2.887
995.5,31.47,67.5,Sandy,Cotton,None,Yes,South,1.512
477.1,31.58,50.13,Loamy,Cotton,Urea,No,North,2.199
709.56,23.41,28.12,Sandy,Sugarcane,DAP,Yes,West,56.593
720.28,30.69,61.31,Silty,Rice,DAP,No,South,5.938
703.95,37.73,57.41,Sandy,Wheat,DAP,No,South,2.37
626.01,24.24,71.94,Clay,Sugarcane,Urea,Yes,East,79.069
1138.81,20.91,52.38,Clay,Maize,NPK,Yes,East,5.725
884.22,27.7,55.94,Peaty,Sugarcane,Urea,No,South,67.857
550.63,31.69,38.64,Clay,Sugarcane,Compost,No,North,51.149
539.52,28.08,44.97,Sandy,Rice,NPK,No,East,4.234
892.55,35.92,70.31,Clay,Maize,Urea,No,South,5.33
732.66,22.7,41.34,Loamy,Sugarcane,None,Yes,West,65.908
686.58,19.42,42.59,Clay,Wheat,NPK,No,East,3.775
906.63,34.15,62.77,Silty,Wheat,Compost,Yes,South,3.171
690.02,19.96,55.35,Loamy,Cotton,DAP,Yes,Central,2.701
930.2,28.59,55.97,Peaty,Maize,Urea,No,East,5.484
896.14,34.01,37.39,Silty,Maize,NPK,No,Central,5.899
1160.15,28.08,73.33,Sandy,Cotton,Urea,No,East,1.508
1497.65,23.51,68.07,Sandy,Sugarcane,NPK,Yes,East,41.683
518.06,33.36,42.2,Sandy,Maize,NPK,No,Central,4.357
614.3,27.85,54.86,Silty,Wheat,Urea,No,North,3.374
1124.98,25.9,72.55,Silty,Wheat,NPK,No,South,3.46
559.76,35.22,46.79,Silty,Rice,Urea,Yes,North,4.367
803.69,25.12,50.88,Loamy,Maize,None,No,North,6.952
954.74,24.0,59.38,Loamy,Sugarcane,Urea,Yes,South,92.404
388.0,22.49,50.82,Sandy,Cotton,Compost,No,West,1.595
357.12,33.08,50.95,Clay,Cotton,DAP,No,North,1.729
462.95,29.14,47.29,Sandy,Sugarcane,NPK,No,North,59.738
536.77,24.56,60.58,Peaty,Soybean,Compost,Yes,North,3.039
835.77,19.81,49.69,Loamy,Rice,Urea,Yes,West,5.674
986.55,34.04,58.35,Silty,Cotton,Compost,Yes,East,2.048
879.89,24.64,56.18,Loamy,Maize,DAP,Yes,Central,7.324
716.19,17.9,42.0,Silty,Rice,NPK,No,Central,5.725
651.86,27.44,55.94,Peaty,Maize,NPK,Yes,West,7.086
506.21,32.16,50.87,Peaty,Wheat,DAP,Yes,North,3.576
847.3,30.6,55.42,Loamy,Rice,DAP,No,Central,6.071
669.42,27.41,57.44,Silty,Cotton,Urea,Yes,West,2.658
790.12,24.79,54.24,Peaty,Rice,Compost,No,South,4.723
749.81,24.2,66.28,Sandy,Rice,DAP,Yes,Central,4.969
831.4,33.38,60.39,Sandy,Rice,DAP,Yes,South,4.482
473.11,17.24,52.46,Silty,Soybean,Urea,No,North,2.621
877.4,22.25,52.16,Loamy,Rice,DAP,Yes,Central,6.897
626.1,26.52,37.42,Peaty,Maize,None,Yes,West,4.961
1320.19,17.03,72.83,Loamy,Wheat,DAP,Yes,East,2.667
810.29,25.91,41.1,Sandy,Sugarcane,Compost,Yes,Central,59.535
585.13,20.87,49.56,Peaty,Rice,NPK,No,Central,5.526
574.84,29.37,58.54,Loamy,Cotton,NPK,No,Central,2.583
513.89,24.13,43.34,Clay,Rice,DAP,Yes,Central,5.247
740.89,25.0,51.13,Silty,Cotton,Compost,No,West,2.224
521.51,23.78,39.28,Silty,Maize,NPK,No,West,6.519
660.16,30.38,45.83,Clay,Cotton,Urea,No,East,1.947
402.28,26.66,41.68,Sandy,Sugarcane,DAP,Yes,West,67.029
484.38,31.73,45.99,Peaty,Wheat,Urea,No,West,2.734
600.53,33.04,53.04,Silty,Cotton,DAP,Yes,North,2.41
537.61,25.56,52.6,Clay,Cotton,DAP,No,North,2.029
1041.43,23.51,72.39,Clay,Wheat,NPK,No,South,3.357
863.92,24.91,53.39,Sandy,Sugarcane,Urea,Yes,East,68.34
501.35,40.31,54.48,Sandy,Rice,Compost,Yes,North,3.192
1262.1,23.91,60.16,Loamy,Cotton,Compost,Yes,East,1.767
948.82,26.13,72.38,Silty,Wheat,Compost,Yes,East,3.35
733.67,28.07,55.66,Loamy,Maize,NPK,Yes,Central,7.575
901.56,29.73,56.37,Clay,Wheat,DAP,No,East,3.573
666.17,27.52,46.99,Peaty,Maize,None,Yes,Central,5.139
971.29,35.87,66.67,Peaty,Sugarcane,Compost,Yes,South,56.543
998.56,28.18,61.01,Sandy,Rice,Compost,Yes,South,3.964
917.72,26.25,59.99,Peaty,Wheat,NPK,Yes,South,3.586
661.02,31.78,44.77,Peaty,Soybean,DAP,Yes,Central,3.06
719.53,22.57,48.13,Peaty,Cotton,Urea,No,Central,1.958
789.58,29.7,41.7,Clay,Sugarcane,NPK,Yes,South,77.637
667.68,25.15,49.28,Peaty,Wheat,Compost,No,Central,3.136
699.85,33.43,50.16,Peaty,Cotton,NPK,Yes,West,2.409
798.05,33.81,45.2,Peaty,Wheat,None,No,West,1.988
563.27,26.13,50.69,Loamy,Maize,DAP,Yes,Central,7.691
673.42,22.65,50.68,Clay,Wheat,DAP,No,Central,2.937
399.24,17.69,42.18,Sandy,Soybean,DAP,No,North,1.784
483.33,28.13,42.81,Loamy,Wheat,DAP,No,North,3.37
1150.08,16.34,64.33,Silty,Wheat,NPK,No,East,2.972
919.52,26.57,52.17,Clay,Soybean,NPK,No,East,3.025
985.6,24.2,72.87,Clay,Sugarcane,Compost,No,East,68.614
714.48,29.79,52.82,Silty,Wheat,Urea,No,South,3.724
565.83,26.93,58.66,Silty,Soybean,DAP,No,West,3.225
667.74,24.17,44.19,Unknown,Cotton,DAP,No,South,2.252
741.81,31.25,53.54,Sandy,Maize,NPK,Yes,Central,6.375
605.21,21.54,44.48,Peaty,Maize,Urea,Yes,North,6.875
750.53,29.82,58.42,Clay,Wheat,NPK,No,Central,3.493
760.17,37.31,54.7,Peaty,Sugarcane,NPK,Yes,Central,70.509
600.81,31.83,67.84,Peaty,Sugarcane,NPK,No,North,70.466
471.06,24.97,46.39,Silty,Cotton,DAP,Yes,Central,2.522
881.83,21.91,43.55,Sandy,Wheat,NPK,Yes,East,3.243
213.44,31.67,43.79,Loamy,Maize,Compost,No,North,4.314
630.46,20.88,54.19,Sandy,Sugarcane,NPK,Yes,Central,85.882
869.39,27.03,52.38,Peaty,Wheat,DAP,Yes,East,3.733
994.2,30.62,53.85,Sandy,Sugarcane,Compost,Yes,East,51.053
1018.92,21.96,50.8,Silty,Soybean,Compost,Yes,West,3.024
1117.34,21.68,66.2,Loamy,Sugarcane,Urea,No,East,62.097
1129.44,20.41,67.32,Silty,Maize,DAP,Yes,South,6.916
673.21,34.97,72.92,Loamy,Rice,None,No,North,4.153
534.99,35.49,49.37,Peaty,Cotton,Urea,Yes,North,1.782
548.54,35.42,52.19,Loamy,Cotton,DAP,No,North,2.142
829.69,36.09,54.66,Loamy,Maize,DAP,Yes,Central,7.223
737.25,23.83,76.4,Loamy,Sugarcane,Compost,Yes,Central,84.236
856.81,17.94,62.08,Sandy,Wheat,Urea,Yes,South,2.855
1213.97,35.52,64.3,Sandy,Sugarcane,Compost,Yes,East,33.771
766.71,31.65,72.16,Peaty,Maize,Urea,Yes,Central,6.377
786.22,31.24,55.25,Loamy,Cotton,Urea,No,East,2.454
972.94,21.8,87.8,Clay,Sugarcane,NPK,Yes,East,64.73
707.54,27.49,67.46,Peaty,Cotton,DAP,Yes,Central,2.514
639.34,27.8,52.62,Loamy,Wheat,None,Yes,Central,3.839
842.23,26.68,60.95,Loamy,Cotton,Urea,No,South,2.568
587.41,22.75,52.76,Sandy,Cotton,DAP,Yes,West,2.199
282.29,17.5,51.68,Peaty,Rice,Urea,Yes,North,3.975
405.62,23.24,43.48,Loamy,Rice,DAP,Yes,Central,5.926
601.99,12.64,68.81,Loamy,Soybean,None,No,Central,1.752
939.93,24.94,53.58,Peaty,Rice,NPK,No,East,4.875
449.11,23.93,51.02,Clay,Cotton,Urea,Yes,West,2.24
546.37,21.16,53.87,Unknown,Maize,Compost,Yes,Central,6.223
612.03,29.0,49.72,Peaty,Cotton,Compost,Yes,West,2.142
704.66,25.28,43.78,Clay,Maize,Urea,No,North,5.342
1144.79,25.64,64.82,Peaty,Maize,Urea,Yes,East,5.026
1049.82,33.95,62.98,Loamy,Rice,None,No,South,4.219
398.45,25.39,45.34,Peaty,Sugarcane,None,Yes,North,48.129
616.66,29.27,50.02,Clay,Wheat,None,Yes,West,3.189
835.35,21.58,57.94,Silty,Rice,NPK,Yes,West,6.642
559.76,28.28,55.67,Peaty,Rice,NPK,No,North,4.511
581.08,26.49,61.02,Sandy,Sugarcane,DAP,No,West,70.448
933.33,27.46,62.52,Loamy,Wheat,Urea,No,South,4.17
644.23,20.88,49.45,Loamy,Cotton,Urea,Yes,South,2.447
714.33,21.35,51.57,Sandy,Soybean,NPK,Yes,West,3.552
882.05,25.27,55.69,Sandy,Soybean,NPK,Yes,West,3.356
1083.69,33.65,58.07,Peaty,Cotton,NPK,Yes,South,1.91
623.34,19.8,43.65,Sandy,Rice,None,Yes,West,3.193
822.16,35.4,50.21,Silty,Wheat,NPK,Yes,Central,3.533
742.55,23.47,59.67,Clay,Rice,None,Yes,East,5.573
741.75,27.42,49.7,Sandy,Maize,Urea,Yes,Central,6.096
604.3,32.01,52.37,Sandy,Rice,NPK,No,West,4.227
627.58,25.22,52.56,Silty,Rice,Compost,Yes,West,6.506
1015.57,25.78,63.98,Loamy,Cotton,DAP,No,East,2.64
708.14,34.23,48.88,Loamy,Cotton,None,Yes,West,2.137
782.19,32.48,29.18,Peaty,Cotton,NPK,No,East,1.895
752.93,30.5,50.13,Silty,Soybean,Urea,Yes,South,3.625
961.56,26.27,51.84,Clay,Maize,Urea,Yes,East,5.194
733.2,26.62,37.86,Clay,Cotton,NPK,No,East,2.281
720.59,21.64,53.87,Silty,Wheat,Compost,Yes,Central,3.877
774.91,25.58,50.02,Clay,Soybean,None,No,West,2.911
1108.82,27.34,61.96,Loamy,Sugarcane,Urea,No,South,85.416
564.46,26.83,55.48,Clay,Wheat,Urea,Yes,North,3.906
1282.96,28.48,60.05,Clay,Wheat,DAP,No,East,2.356
544.74,32.56,51.64,Silty,Cotton,Urea,No,North,2.1
461.48,19.44,49.47,Silty,Sugarcane,Urea,Yes,West,72.77
991.61,23.83,75.82,Clay,Sugarcane,None,No,East,58.281
519.15,32.72,40.23,Sandy,Soybean,DAP,No,North,2.727
777.42,39.33,45.92,Silty,Sugarcane,DAP,Yes,Central,56.571
590.59,21.63,56.63,Peaty,Maize,Urea,Yes,North,6.482
729.89,23.87,65.12,Peaty,Cotton,DAP,Yes,Central,2.365
1045.04,20.46,72.36,Loamy,Sugarcane,NPK,No,South,87.15
585.51,16.82,37.27,Clay,Soybean,Compost,No,West,2.573
630.81,28.37,38.41,Sandy,Maize,NPK,No,North,5.059
1042.13,29.97,59.91,Loamy,Rice,DAP,Yes,East,5.878
667.09,25.5,59.01,Clay,Rice,DAP,Yes,West,4.833
540.14,25.55,47.75,Silty,Maize,Compost,No,North,5.761
809.31,26.44,46.77,Peaty,Soybean,DAP,Yes,East,3.576
961.91,24.16,49.05,Sandy,Maize,NPK,No,East,5.387
971.53,26.78,67.72,Peaty,Cotton,DAP,No,East,1.922
891.59,33.93,66.36,Silty,Cotton,NPK,Yes,East,2.589
346.32,22.86,51.97,Clay,Rice,Urea,Yes,North,4.742
816.52,25.58,55.93,Silty,Sugarcane,NPK,Yes,South,93.737
628.99,26.36,45.64,Silty,Soybean,None,No,Central,2.765
498.95,24.16,34.71,Peaty,Rice,Compost,No,Central,4.051
498.8,27.34,37.96,Sandy,Sugarcane,Compost,No,Central,55.446
586.21,14.5,35.42,Silty,Sugarcane,None,Yes,South,53.471
1044.26,29.86,58.48,Peaty,Cotton,Compost,Yes,East,2.087
1146.71,22.14,66.66,Sandy,Wheat,DAP,No,East,2.534
652.42,22.8,53.57,Clay,Wheat,DAP,Yes,West,3.855
639.35,26.16,64.12,Clay,Maize,NPK,No,Central,6.785
491.5,20.05,51.26,Loamy,Cotton,NPK,Yes,Central,2.606
669.27,33.66,40.23,Peaty,Sugarcane,DAP,Yes,East,74.392
695.05,22.88,52.81,Sandy,Soybean,DAP,Yes,Central,3.138
1092.35,40.16,61.0,Silty,Wheat,None,Yes,East,1.942
875.14,30.15,61.5,Clay,Sugarcane,Urea,No,East,72.359
1158.31,24.16,69.95,Sandy,Wheat,DAP,Yes,East,2.798
446.67,25.47,52.71,Peaty,Wheat,Urea,No,North,3.12
712.75,27.74,50.36,Loamy,Wheat,NPK,Yes,North,4.573
432.88,35.49,59.7,Clay,Soybean,Urea,Yes,North,2.584
150.56,31.75,49.7,Sandy,Cotton,NPK,Yes,North,1.632
993.95,31.38,39.16,Sandy,Soybean,Urea,Yes,South,2.706
511.57,25.47,56.34,Sandy,Rice,NPK,Yes,West,5.493
418.63,24.17,41.29,Peaty,Sugarcane,NPK,No,West,59.896
1072.24,30.19,47.41,Unknown,Cotton,DAP,Yes,East,2.025
566.59,33.67,53.35,Peaty,Cotton,Compost,Yes,Central,1.783
338.07,26.31,65.35,Silty,Cotton,DAP,Yes,North,2.393
846.71,23.58,56.51,Sandy,Cotton,DAP,Yes,West,2.372
619.29,21.83,50.07,Clay,Soybean,NPK,Yes,West,3.497
334.74,18.63,47.47,Peaty,Cotton,DAP,No,North,1.638
830.53,24.77,75.73,Peaty,Maize,NPK,Yes,South,6.579
1219.88,25.73,62.25,Sandy,Sugarcane,Urea,Yes,South,55.268
666.85,26.9,61.2,Peaty,Cotton,Urea,No,West,2.188
803.72,29.71,52.89,Silty,Sugarcane,DAP,Yes,South,81.559
625.21,24.66,47.86,Silty,Maize,Compost,Yes,North,6.96
581.85,35.98,62.93,Peaty,Maize,Compost,Yes,West,4.981
473.59,21.31,40.65,Sandy,Sugarcane,NPK,Yes,North,71.924
801.54,30.41,62.0,Sandy,Wheat,Urea,Yes,South,2.919
678.09,20.9,50.83,Sandy,Rice,Urea,No,North,4.117
929.21,22.75,52.53,Loamy,Wheat,NPK,No,South,4.108
1113.34,28.41,58.92,Peaty,Wheat,NPK,No,South,3.2
596.03,32.22,33.91,Unknown,Soybean,Urea,Yes,North,2.312
1129.14,25.6,54.18,Silty,Wheat,Compost,No,South,2.893
1097.51,27.42,63.02,Clay,Cotton,DAP,Yes,East,2.309
511.01,33.31,48.24,Clay,Soybean,NPK,Yes,North,3.232
979.69,20.89,52.03,Sandy,Soybean,NPK,Yes,East,2.931
824.18,30.85,68.34,Clay,Maize,NPK,Yes,North,6.753
1095.57,23.55,53.96,Clay,Wheat,NPK,No,South,3.09
1132.01,28.22,74.14,Loamy,Maize,DAP,No,South,6.238
498.88,29.7,51.15,Silty,Sugarcane,NPK,No,West,66.641
368.72,21.12,45.27,Silty,Rice,Compost,No,West,3.812
873.53,23.27,58.22,Loamy,Soybean,Urea,No,East,3.761
924.82,30.33,60.85,Loamy,Sugarcane,Compost,Yes,South,85.153
553.17,25.7,43.42,Clay,Sugarcane,None,Yes,West,57.451
904.11,23.43,50.65,Peaty,Cotton,NPK,No,South,2.171
482.32,27.97,48.04,Clay,Rice,Urea,Yes,North,5.15
385.3,21.6,51.2,Loamy,Sugarcane,NPK,No,West,80.214
1064.33,21.09,66.6,Silty,Sugarcane,NPK,Yes,East,78.837
654.63,15.06,63.06,Unknown,Rice,DAP,Yes,West,4.886
1099.4,28.8,52.16,Peaty,Rice,Compost,Yes,South,4.171
723.98,27.16,57.33,Clay,Sugarcane,NPK,No,Central,73.994
817.4,29.7,56.24,Sandy,Rice,DAP,Yes,Central,5.444
777.11,33.11,51.28,Clay,Sugarcane,Urea,No,South,64.995
602.05,25.79,68.07,Loamy,Sugarcane,NPK,Yes,North,98.038
771.29,26.65,58.88,Silty,Cotton,None,No,West,2.256
783.45,28.72,67.1,Silty,Wheat,NPK,Yes,Central,4.289
516.02,24.15,23.41,Loamy,Sugarcane,NPK,Yes,North,76.451
952.57,19.71,67.43,Sandy,Maize,DAP,Yes,South,5.794
643.41,21.24,57.16,Loamy,Soybean,Urea,Yes,North,3.948
1080.21,26.8,67.22,Clay,Wheat,Compost,Yes,South,2.844
565.83,32.0,48.97,Loamy,Wheat,DAP,No,West,3.781
382.48,34.84,64.54,Loamy,Wheat,NPK,Yes,North,3.231
525.3,25.58,48.93,Sandy,Cotton,Urea,Yes,West,2.026
571.81,27.84,51.29,Clay,Sugarcane,DAP,Yes,North,89.359
900.66,36.35,50.19,Peaty,Cotton,DAP,Yes,South,1.887
994.1,29.58,59.57,Peaty,Sugarcane,None,Yes,South,47.699
674.62,27.69,52.1,Silty,Cotton,Urea,Yes,North,2.807
617.22,28.05,60.92,Loamy,Cotton,Urea,Yes,South,2.794
927.84,29.91,63.63,Silty,Soybean,Urea,Yes,East,3.226
1031.84,20.9,70.02,Sandy,Maize,NPK,Yes,East,6.262
817.28,30.8,55.48,Peaty,Cotton,Urea,No,West,2.214
991.99,29.2,57.13,Loamy,Soybean,Urea,Yes,East,3.911
1204.82,32.44,71.17,Sandy,Rice,Urea,Yes,East,3.024
782.71,29.47,56.92,Sandy,Maize,NPK,Yes,Central,6.315
757.12,32.11,36.26,Loamy,Cotton,Urea,Yes,Central,2.338
683.47,22.39,50.05,Sandy,Wheat,DAP,Yes,Central,3.083
696.31,24.02,36.44,Loamy,Rice,DAP,No,Central,5.7
949.62,27.76,52.47,Loamy,Rice,Compost,Yes,South,6.042
620.69,23.24,60.62,Clay,Soybean,NPK,No,West,3.311
816.88,31.28,53.65,Silty,Rice,Compost,Yes,West,5.314
1131.94,19.92,60.48,Sandy,Maize,None,No,East,3.366
829.7,26.2,55.04,Sandy,Cotton,None,No,West,1.728
844.02,24.17,56.97,Clay,Cotton,DAP,Yes,East,2.511
489.09,23.29,47.1,Clay,Wheat,NPK,Yes,West,3.75
623.19,26.975,67.0,Clay,Soybean,NPK,Yes,North,3.858
537.91,27.21,37.13,Peaty,Wheat,NPK,No,North,3.11
688.83,26.58,55.61,Peaty,Rice,DAP,Yes,West,5.306
732.39,36.52,59.1,Peaty,Wheat,Compost,Yes,South,2.404
781.3,39.44,48.47,Loamy,Maize,DAP,Yes,East,4.984
684.89,21.66,58.86,Sandy,Cotton,NPK,Yes,West,2.411
886.02,17.48,52.38,Silty,Rice,Urea,No,East,4.385
807.12,21.0,59.98,Loamy,Wheat,Urea,No,Central,3.971
557.69,26.69,41.06,Sandy,Soybean,DAP,Yes,West,2.589
766.88,32.63,56.04,Sandy,Maize,Urea,Yes,South,5.048
360.0,24.59,65.04,Clay,Maize,Compost,Yes,Central,5.984
837.13,29.89,49.5,Clay,Wheat,Urea,No,West,3.065
654.63,23.0,49.77,Loamy,Cotton,DAP,No,North,2.668
425.65,24.56,61.71,Clay,Wheat,None,Yes,West,2.852
250.38,27.83,54.9,Sandy,Rice,DAP,Yes,North,4.634
460.44,26.94,63.2,Clay,Wheat,NPK,No,North,3.427
792.1,26.82,52.89,Peaty,Maize,Urea,Yes,West,5.989
570.94,21.59,54.19,Clay,Wheat,Urea,Yes,West,3.736
518.93,26.975,54.07,Sandy,Cotton,NPK,Yes,North,1.953
1148.59,33.09,56.76,Loamy,Soybean,NPK,Yes,East,3.358
551.76,33.18,42.09,Silty,Sugarcane,DAP,Yes,Central,78.47
797.68,23.61,46.03,Clay,Wheat,None,No,South,2.731
682.94,27.6,49.65,Sandy,Cotton,None,Yes,West,1.856
657.97,24.38,42.94,Silty,Cotton,None,Yes,Central,2.328
568.42,22.13,45.95,Silty,Soybean,DAP,Yes,Central,3.598
1106.09,28.42,54.08,Peaty,Maize,Urea,No,East,5.068
777.68,16.39,59.65,Silty,Cotton,Compost,Yes,Central,2.276
774.83,31.23,58.66,Sandy,Cotton,NPK,Yes,West,2.148
677.0,21.19,48.97,Sandy,Cotton,Urea,Yes,Central,2.013
385.87,25.43,44.98,Clay,Cotton,NPK,No,West,2.053
651.61,15.65,57.8,Clay,Rice,Urea,Yes,West,4.851
374.23,36.04,44.65,Clay,Rice,Compost,Yes,North,3.763
695.96,30.29,49.16,Silty,Maize,DAP,Yes,East,6.877
858.79,27.43,46.54,Silty,Wheat,NPK,Yes,South,3.711
565.26,23.56,61.75,Peaty,Cotton,DAP,No,North,2.405
1139.74,21.67,49.83,Clay,Soybean,NPK,No,South,2.495
469.16,26.0,46.86,Loamy,Wheat,Compost,Yes,West,3.914
651.56,28.51,45.95,Peaty,Soybean,NPK,Yes,North,3.379
460.16,25.85,50.37,Loamy,Wheat,None,Yes,Central,3.407
890.52,29.65,54.23,Silty,Maize,NPK,Yes,Central,7.688
794.9,36.28,56.57,Peaty,Cotton,None,No,South,1.231
599.78,21.63,45.27,Peaty,Cotton,Urea,Yes,West,2.023
851.7,28.18,53.41,Sandy,Sugarcane,DAP,Yes,South,75.488
1113.84,35.71,51.5,Silty,Soybean,Urea,No,East,2.478
482.43,25.45,41.58,Silty,Wheat,DAP,Yes,Central,3.711
523.39,26.3,46.76,Peaty,Wheat,NPK,Yes,North,3.86
453.8,29.31,50.39,Silty,Rice,Urea,No,North,4.861
879.71,30.38,56.42,Peaty,Sugarcane,Compost,No,North,61.4
537.25,32.25,61.65,Sandy,Rice,Compost,No,Central,3.525
262.69,27.55,33.15,Peaty,Rice,Compost,No,West,2.042
954.19,23.03,56.99,Silty,Rice,Compost,Yes,Central,5.425
773.7,29.8,37.29,Silty,Soybean,NPK,Yes,Central,3.34
431.89,22.17,47.31,Peaty,Soybean,Urea,Yes,North,3.083
695.17,28.66,48.54,Peaty,Maize,DAP,No,Central,5.73
429.85,27.39,44.47,Peaty,Maize,Compost,Yes,North,4.673
356.45,27.26,41.67,Clay,Rice,NPK,Yes,West,5.039
975.36,26.59,62.99,Silty,Sugarcane,DAP,No,East,75.851
524.28,32.01,52.73,Silty,Wheat,NPK,Yes,North,4.194
950.9,30.09,49.37,Clay,Soybean,DAP,Yes,South,2.71
854.05,30.47,55.28,Peaty,Sugarcane,DAP,Yes,East,70.079
533.79,24.68,52.18,Sandy,Cotton,Urea,Yes,West,1.798
943.52,18.79,45.21,Peaty,Soybean,Compost,Yes,East,2.833
402.87,25.01,51.26,Peaty,Soybean,NPK,Yes,North,3.336
820.51,29.18,47.31,Clay,Maize,Urea,Yes,West,6.704
1027.37,27.16,55.64,Unknown,Wheat,DAP,Yes,South,3.39
472.62,24.84,51.21,Peaty,Wheat,NPK,Yes,North,3.424
630.19,28.11,52.46,Silty,Cotton,DAP,Yes,North,2.682
464.26,25.66,60.52,Loamy,Cotton,Urea,Yes,West,2.99
580.8,27.24,41.56,Silty,Soybean,NPK,Yes,West,3.855
1219.54,27.075,74.15,Sandy,Rice,Urea,Yes,East,2.941
996.88,30.84,64.57,Sandy,Maize,NPK,No,South,5.485
1043.36,30.06,66.95,Peaty,Maize,Urea,No,East,5.481
946.22,37.56,55.79,Silty,Soybean,NPK,Yes,East,2.605
543.71,23.44,43.26,Peaty,Sugarcane,Compost,Yes,North,66.346
429.74,24.48,49.36,Clay,Rice,NPK,Yes,West,5.453
501.49,27.87,42.38,Sandy,Soybean,Urea,No,North,2.802
956.4,26.83,51.22,Peaty,Rice,NPK,No,South,5.047
996.04,34.9,61.13,Clay,Rice,Compost,Yes,East,4.645
896.04,24.96,66.34,Peaty,Rice,Compost,No,South,4.259
551.84,26.23,38.21,Silty,Soybean,Compost,No,West,2.934
513.84,24.19,60.73,Silty,Maize,NPK,Yes,West,7.087
550.12,34.62,41.07,Silty,Maize,None,Yes,Central,4.974
862.22,29.44,54.79,Silty,Rice,Urea,Yes,South,5.55
660.14,34.85,50.88,Loamy,Sugarcane,Urea,Yes,North,75.94
771.22,41.58,51.55,Clay,Wheat,NPK,Yes,South,2.563
1006.11,23.19,58.23,Clay,Soybean,Urea,No,East,3.123
652.32,32.39,54.12,Silty,Wheat,None,Yes,West,3.128
789.52,25.72,65.97,Loamy,Sugarcane,Compost,Yes,West,99.147
902.01,23.56,56.42,Silty,Soybean,NPK,No,South,3.653
676.82,19.67,46.24,Loamy,Rice,Urea,Yes,South,6.086
1218.73,37.64,55.82,Silty,Maize,Urea,Yes,South,4.121
1145.75,32.01,65.47,Sandy,Wheat,NPK,Yes,East,2.921
1072.48,25.87,67.99,Sandy,Cotton,None,Yes,East,1.499
463.68,30.11,44.08,Peaty,Cotton,None,Yes,North,1.517
852.16,17.96,64.38,Silty,Sugarcane,Urea,No,South,75.264
336.64,26.53,64.08,Clay,Rice,Urea,Yes,North,4.294
649.94,23.19,63.55,Peaty,Wheat,Urea,Yes,Central,3.805
1026.35,34.23,54.73,Sandy,Rice,NPK,Yes,East,4.693
646.22,34.56,61.17,Silty,Wheat,DAP,No,West,3.089
962.88,31.45,66.66,Peaty,Sugarcane,Urea,No,Central,60.313
750.65,31.74,55.52,Silty,Sugarcane,Urea,No,West,63.719
846.04,23.75,64.1,Sandy,Cotton,DAP,Yes,Central,2.221
631.02,30.58,58.71,Peaty,Rice,None,No,North,3.825
574.4,20.1,61.47,Sandy,Soybean,Compost,No,North,2.48
1068.22,19.43,66.0,Loamy,Cotton,Urea,No,East,2.289
352.38,26.47,53.09,Sandy,Rice,DAP,Yes,West,4.381
660.94,29.65,45.06,Silty,Cotton,DAP,Yes,Central,2.699
690.33,29.99,53.79,Clay,Soybean,Urea,Yes,South,3.119
723.01,20.71,48.46,Sandy,Maize,Urea,Yes,South,5.324
1179.04,19.24,73.14,Clay,Maize,NPK,No,East,4.627
488.52,24.74,38.91,Loamy,Maize,Urea,Yes,West,6.645
701.45,22.62,36.52,Peaty,Maize,Urea,Yes,South,5.43
1058.44,30.06,49.84,Peaty,Wheat,DAP,Yes,East,2.485
989.7,21.94,57.97,Clay,Maize,NPK,Yes,East,6.424
716.94,36.72,38.15,Peaty,Soybean,Compost,Yes,West,2.444
1163.39,28.81,48.12,Sandy,Sugarcane,NPK,Yes,South,61.095
985.91,26.27,65.04,Clay,Sugarcane,Compost,No,South,68.686
667.41,21.26,42.2,Silty,Wheat,NPK,Yes,South,4.143
689.93,20.39,61.84,Sandy,Maize,Urea,No,North,5.135
867.01,25.4,46.76,Sandy,Maize,None,Yes,South,4.479
725.19,24.11,37.41,Sandy,Maize,Urea,No,Central,4.616
301.99,18.34,37.81,Silty,Cotton,DAP,Yes,North,2.032
625.49,33.86,42.2,Loamy,Rice,NPK,Yes,North,6.796
354.78,21.47,36.75,Peaty,Cotton,DAP,Yes,North,1.757
630.14,28.76,51.73,Clay,Rice,None,Yes,North,4.851
891.57,29.21,59.19,Loamy,Maize,Compost,Yes,East,6.873
808.32,18.91,67.22,Clay,Maize,NPK,No,Central,7.083
455.74,25.08,46.21,Peaty,Cotton,NPK,Yes,West,2.434
665.88,19.95,55.61,Silty,Cotton,None,Yes,South,2.082
468.79,29.04,51.495000000000005,Sandy,Rice,None,No,North,2.652
689.95,27.31,46.54,Sandy,Sugarcane,NPK,Yes,West,78.875
828.23,26.61,66.97,Silty,Rice,NPK,Yes,East,7.049
680.57,22.9,64.85,Loamy,Cotton,DAP,No,West,2.859
681.16,32.91,66.32,Loamy,Soybean,Urea,Yes,North,3.563
501.46,25.11,49.02,Clay,Cotton,NPK,No,Central,2.34
680.81,19.61,43.02,Silty,Soybean,None,No,West,2.881
630.97,22.28,46.37,Loamy,Wheat,NPK,No,North,4.148
521.07,16.96,47.8,Silty,Cotton,None,No,North,1.58
887.63,23.73,53.23,Peaty,Wheat,NPK,Yes,South,3.387
688.67,22.45,54.68,Sandy,Sugarcane,Urea,Yes,South,76.92
765.62,30.47,61.32,Sandy,Rice,Urea,No,Central,4.22
909.18,29.86,49.95,Sandy,Soybean,DAP,Yes,South,2.713
722.6,28.06,69.79,Silty,Rice,Urea,Yes,Central,6.267
1309.7,31.74,66.79,Silty,Wheat,Compost,No,East,2.186
993.96,21.11,70.24,Clay,Soybean,None,Yes,East,2.406
948.4,28.59,62.36,Sandy,Rice,NPK,Yes,South,4.751
1193.22,19.81,81.11,Clay,Cotton,DAP,Yes,East,1.902
642.76,24.62,43.55,Sandy,Maize,Urea,Yes,West,6.286
542.51,28.71,46.74,Clay,Wheat,DAP,Yes,West,3.474
709.76,24.34,50.11,Clay,Rice,Compost,No,West,4.629
897.25,35.17,59.41,Peaty,Wheat,DAP,No,East,2.578
829.9,25.26,57.6,Clay,Wheat,Urea,No,West,3.694
777.21,31.0,58.65,Silty,Soybean,DAP,Yes,Central,3.787
420.84,25.68,49.54,Clay,Soybean,DAP,Yes,North,2.981
712.92,27.66,58.72,Unknown,Maize,None,Yes,South,5.639
723.45,25.17,50.6,Clay,Cotton,Urea,Yes,Central,3.004
688.32,27.89,57.51,Loamy,Wheat,Urea,Yes,West,3.851
363.29,35.63,69.79,Sandy,Rice,Urea,Yes,North,3.889
1017.86,34.72,60.39,Loamy,Sugarcane,DAP,Yes,South,65.682
799.79,24.56,44.44,Sandy,Wheat,NPK,Yes,Central,3.351
951.23,25.85,54.01,Silty,Wheat,NPK,No,South,3.455
1113.67,27.25,58.6,Silty,Maize,Compost,Yes,East,6.339
501.54,30.21,42.94,Silty,Cotton,NPK,No,West,2.204
560.28,36.27,52.18,Loamy,Sugarcane,DAP,Yes,Central,79.634
661.04,33.43,59.61,Peaty,Soybean,NPK,Yes,Central,3.32
454.83,25.67,51.495000000000005,Sandy,Soybean,Urea,Yes,North,3.081
625.32,29.02,38.95,Silty,Rice,DAP,Yes,North,5.124
670.83,28.13,73.21,Sandy,Sugarcane,NPK,Yes,North,65.569
794.48,23.97,48.39,Unknown,Soybean,NPK,Yes,South,4.049
519.83,32.07,61.7,Peaty,Rice,NPK,No,West,4.569
1028.22,14.43,66.65,Loamy,Cotton,Urea,Yes,South,1.861
502.7,32.03,45.23,Sandy,Rice,Urea,Yes,West,4.432
657.17,29.06,46.84,Peaty,Soybean,None,Yes,Central,2.688
748.52,17.97,50.13,Peaty,Maize,Urea,Yes,South,6.549
811.22,21.79,52.69,Loamy,Maize,Urea,No,South,7.557
674.04,16.67,58.43,Silty,Maize,Urea,Yes,South,6.382
1192.33,35.48,52.7,Sandy,Soybean,DAP,Yes,East,1.759
801.85,22.04,66.29,Clay,Maize,Urea,Yes,West,6.003
528.94,31.55,45.47,Clay,Sugarcane,Compost,No,West,56.691
969.46,31.73,47.68,Loamy,Cotton,Compost,Yes,South,2.235
784.64,26.4,57.17,Sandy,Rice,None,No,East,3.681
993.26,23.68,79.09,Sandy,Rice,Urea,Yes,South,3.835
517.4,29.56,43.63,Loamy,Soybean,DAP,No,West,3.315
882.64,28.08,58.68,Sandy,Maize,Compost,No,Central,5.144
1076.64,31.68,62.66,Silty,Maize,Compost,No,East,4.9
993.96,21.13,73.99,Loamy,Wheat,Compost,Yes,East,3.903
838.77,32.11,49.27,Silty,Cotton,NPK,Yes,South,2.533
721.67,33.74,61.92,Sandy,Sugarcane,Urea,Yes,Central,69.908
511.41,25.72,38.84,Loamy,Rice,NPK,Yes,West,6.693
718.74,22.22,56.15,Sandy,Wheat,Compost,Yes,North,3.064
695.9,24.58,59.81,Loamy,Wheat,Urea,No,West,4.226
794.65,23.8,63.92,Sandy,Soybean,NPK,Yes,West,3.046
332.56,26.1,35.71,Silty,Rice,Compost,Yes,Central,4.196
1002.41,23.31,43.94,Silty,Soybean,Urea,No,East,3.107
687.21,29.28,52.16,Sandy,Sugarcane,Urea,Yes,West,66.463
999.48,30.18,55.43,Loamy,Wheat,Urea,No,East,3.461
703.38,25.2,42.71,Clay,Wheat,Compost,No,Central,2.772
651.83,17.23,42.59,Silty,Cotton,Urea,No,Central,2.337
1238.61,29.22,60.95,Silty,Sugarcane,Urea,No,South,51.666
586.49,19.62,65.4,Clay,Wheat,Urea,Yes,North,3.743
718.37,28.25,44.51,Sandy,Sugarcane,NPK,Yes,Central,71.271
840.49,27.36,63.94,Loamy,Rice,NPK,Yes,Central,7.056
916.14,25.36,46.55,Sandy,Maize,NPK,Yes,East,5.833
506.83,30.22,44.11,Peaty,Wheat,Urea,Yes,Central,3.091
786.08,28.82,43.46,Silty,Cotton,None,No,West,1.94
849.97,28.94,74.38,Peaty,Rice,NPK,Yes,South,5.798
1104.11,31.11,69.73,Silty,Sugarcane,NPK,Yes,South,79.802
844.7,24.94,62.51,Silty,Soybean,DAP,No,West,3.56
351.6,24.87,52.23,Peaty,Rice,DAP,Yes,Central,5.204
560.85,32.39,44.76,Peaty,Wheat,NPK,Yes,North,3.463
861.49,30.21,57.51,Sandy,Sugarcane,Urea,Yes,Central,65.976
636.71,24.65,44.37,Peaty,Maize,Compost,No,South,5.62
604.91,16.98,73.65,Sandy,Rice,NPK,No,North,4.377
1098.68,28.96,52.98,Sandy,Wheat,NPK,No,East,2.837
991.78,29.43,52.95,Sandy,Cotton,None,Yes,East,1.369
692.87,20.94,66.69,Silty,Soybean,NPK,No,Central,3.521
879.75,22.76,56.76,Silty,Sugarcane,Urea,Yes,Central,86.168
325.82,24.96,51.35,Peaty,Rice,Urea,Yes,North,4.235
674.67,29.26,52.84,Silty,Rice,Compost,Yes,North,5.53
768.89,39.42,49.86,Peaty,Maize,Compost,Yes,Central,3.168
1095.26,32.59,56.4,Silty,Maize,Urea,Yes,South,6.467
857.78,19.46,64.06,Loamy,Cotton,Urea,No,East,2.625
771.51,24.82,57.25,Loamy,Soybean,Compost,Yes,North,3.748
691.74,26.53,63.46,Peaty,Cotton,NPK,Yes,South,2.85
650.44,29.51,62.53,Silty,Wheat,None,Yes,Central,3.114
475.52,22.94,54.13,Silty,Wheat,NPK,Yes,West,3.925
658.71,29.92,61.56,Sandy,Cotton,NPK,Yes,North,2.415
535.71,24.43,55.01,Clay,Soybean,Compost,No,West,3.028
1070.21,29.91,64.45,Peaty,Cotton,None,No,South,1.372
746.78,27.38,52.34,Clay,Soybean,Compost,No,East,3.035
833.21,37.23,43.13,Clay,Soybean,NPK,No,South,2.585
1267.9,27.075,60.28,Peaty,Sugarcane,None,Yes,East,35.913
785.89,33.57,67.3,Silty,Soybean,None,No,South,2.362
708.9,21.71,56.48,Unknown,Maize,DAP,Yes,North,7.035
654.45,24.34,49.87,Clay,Soybean,Urea,Yes,North,2.963
453.88,28.64,58.69,Silty,Soybean,Urea,Yes,West,3.484
931.7,20.83,55.05,Loamy,Soybean,Urea,Yes,South,3.552
1129.3,32.23,68.25,Peaty,Wheat,Urea,Yes,South,2.665
588.5,27.65,62.41,Peaty,Maize,Urea,Yes,West,6.184
596.51,32.5,56.79,Silty,Maize,DAP,Yes,Central,6.317
949.27,29.41,67.48,Loamy,Cotton,Compost,No,South,2.245
867.78,27.22,61.14,Loamy,Sugarcane,NPK,Yes,South,94.927
675.61,26.39,38.27,Silty,Soybean,Urea,Yes,South,3.391
700.96,23.16,63.82,Sandy,Rice,NPK,No,Central,4.885
477.2,22.86,55.96,Peaty,Sugarcane,NPK,Yes,North,83.081
629.89,31.44,50.16,Peaty,Sugarcane,Compost,No,West,66.813
339.5,30.34,42.09,Clay,Maize,None,No,Central,3.456
1054.65,33.17,62.08,Silty,Sugarcane,Urea,Yes,East,63.054
754.91,24.27,45.5,Clay,Soybean,Urea,Yes,East,3.518
812.0,32.61,63.78,Clay,Soybean,DAP,Yes,Central,3.314
860.82,26.12,56.01,Loamy,Wheat,Urea,Yes,Central,3.974
252.16,29.9,37.85,Peaty,Soybean,Compost,Yes,North,2.233
1194.25,33.46,69.2,Clay,Soybean,DAP,Yes,East,2.58
632.47,37.36,56.45,Loamy,Maize,DAP,Yes,West,5.755
1061.54,32.36,67.77,Silty,Soybean,Urea,Yes,South,2.873
1039.67,28.01,50.52,Clay,Wheat,DAP,Yes,South,3.31
333.21,29.8,52.56,Peaty,Rice,Compost,No,North,3.338
422.04,33.25,62.73,Clay,Maize,Compost,Yes,North,4.669
1242.13,30.55,64.5,Silty,Rice,Urea,No,East,4.667
463.91,25.0,48.43,Clay,Maize,Urea,Yes,West,6.031
704.14,30.07,42.96,Peaty,Cotton,Urea,No,West,1.849
586.62,33.52,52.39,Loamy,Sugarcane,Urea,Yes,Central,78.73
414.4,36.06,40.1,Peaty,Cotton,NPK,Yes,North,1.891
897.2,27.31,67.28,Loamy,Soybean,Urea,Yes,South,3.96
1228.7,21.42,83.99,Sandy,Rice,NPK,Yes,South,3.423
1115.21,18.1,81.92,Peaty,Soybean,NPK,Yes,East,3.047
741.95,30.98,47.99,Peaty,Sugarcane,Urea,Yes,South,64.044
679.32,19.33,47.68,Silty,Maize,DAP,Yes,West,6.799
371.09,28.6,52.26,Clay,Sugarcane,None,Yes,West,60.611
211.79,32.39,42.4,Loamy,Wheat,NPK,Yes,North,3.249
1025.37,26.18,60.62,Loamy,Sugarcane,Compost,Yes,East,65.197
1007.24,19.52,79.78,Silty,Wheat,NPK,Yes,South,3.687
784.15,20.7,47.01,Silty,Sugarcane,NPK,No,North,81.707
700.96,22.4,57.25,Clay,Wheat,DAP,Yes,Central,3.852
700.96,26.38,57.07,Clay,Rice,NPK,No,Central,5.328
849.17,33.02,65.38,Peaty,Soybean,Compost,Yes,South,2.729
979.17,27.06,52.68,Sandy,Soybean,Compost,Yes,South,2.709
717.61,37.77,66.22,Clay,Cotton,None,Yes,South,1.591
548.26,32.2,53.06,Silty,Soybean,NPK,Yes,West,3.298
722.73,28.48,47.82,Clay,Maize,DAP,No,South,6.322
621.37,26.64,50.98,Loamy,Sugarcane,Urea,Yes,Central,92.96
791.29,24.51,63.85,Sandy,Cotton,Compost,No,South,1.996
881.13,27.75,74.28,Peaty,Maize,NPK,Yes,East,6.447
700.96,29.71,49.27,Loamy,Maize,NPK,Yes,Central,8.138
1031.62,28.61,77.56,Loamy,Wheat,None,Yes,East,2.668
890.35,24.51,67.75,Unknown,Soybean,NPK,Yes,Central,3.179
593.24,21.84,47.78,Peaty,Rice,DAP,Yes,North,5.139
614.01,36.31,57.1,Silty,Rice,Urea,Yes,Central,4.823
765.7,30.17,62.29,Peaty,Cotton,Compost,Yes,Central,2.288
1016.54,28.78,58.41,Clay,Rice,NPK,No,East,4.664
1025.39,29.53,55.35,Loamy,Sugarcane,Compost,Yes,East,82.541
696.53,32.51,52.86,Clay,Rice,Compost,No,Central,3.42
958.86,24.66,56.08,Silty,Cotton,Compost,Yes,Central,2.102
664.82,26.35,55.5,Clay,Rice,DAP,Yes,West,6.067
465.8,23.24,66.78,Peaty,Sugarcane,DAP,No,North,67.229
433.42,26.96,52.34,Clay,Wheat,Compost,No,North,3.175
1035.21,23.62,75.17,Silty,Cotton,Urea,Yes,South,2.485
522.03,21.97,54.99,Silty,Wheat,DAP,Yes,Central,3.924
903.55,18.9,81.22,Silty,Wheat,DAP,Yes,Central,3.53
412.5,35.29,41.74,Peaty,Wheat,Compost,No,Central,1.859
883.94,25.33,41.15,Silty,Maize,Urea,Yes,Central,6.849
669.58,29.43,55.58,Loamy,Soybean,NPK,No,North,3.725
934.07,27.48,61.88,Silty,Maize,Compost,Yes,East,6.723
537.47,29.49,63.36,Clay,Soybean,NPK,Yes,West,3.447
1184.82,16.98,78.93,Clay,Wheat,NPK,No,East,2.705
1269.92,24.65,52.93,Clay,Cotton,DAP,No,East,1.865
559.76,32.8,47.78,Unknown,Soybean,Compost,Yes,North,2.739
737.07,36.72,55.85,Clay,Sugarcane,None,No,West,41.032
846.92,25.18,47.71,Peaty,Sugarcane,NPK,No,Central,76.174
640.44,25.75,51.69,Peaty,Rice,None,No,North,3.959
558.15,26.975,59.89,Silty,Soybean,NPK,No,North,3.352
591.53,29.2,61.13,Loamy,Cotton,Urea,Yes,West,2.846
941.7,27.15,61.83,Silty,Maize,Urea,No,South,6.915
237.14,26.68,58.31,Silty,Wheat,Compost,No,North,2.622
1201.11,27.075,66.81,Peaty,Rice,DAP,Yes,East,4.166
743.99,23.97,65.11,Peaty,Sugarcane,DAP,Yes,East,73.325
574.23,27.66,44.78,Clay,Maize,NPK,Yes,Central,6.982
499.4,28.58,43.81,Clay,Maize,DAP,No,North,5.505
700.96,28.84,67.62,Silty,Wheat,DAP,No,Central,3.711
380.76,23.57,43.71,Sandy,Soybean,NPK,Yes,North,2.664
861.42,33.66,65.34,Sandy,Sugarcane,NPK,Yes,West,71.21
819.45,18.89,52.17,Clay,Cotton,DAP,Yes,North,2.375
1132.28,29.65,65.77,Sandy,Maize,NPK,Yes,South,4.885
1125.33,24.3,61.42,Clay,Wheat,NPK,Yes,East,2.861
1019.68,22.67,66.12,Peaty,Cotton,DAP,Yes,West,2.349
960.05,25.38,64.89,Silty,Soybean,Urea,No,East,3.096
645.66,19.04,47.62,Loamy,Sugarcane,Urea,Yes,Central,77.794
651.69,28.77,59.03,Silty,Soybean,Compost,No,West,3.044
1114.36,35.07,53.15,Clay,Maize,DAP,Yes,South,5.409
1087.9,23.78,75.56,Clay,Cotton,None,No,East,1.593
809.12,38.75,59.06,Silty,Cotton,NPK,Yes,North,2.128
559.8,22.7,26.97,Clay,Cotton,NPK,No,North,1.946
325.21,24.88,36.04,Sandy,Maize,None,Yes,North,3.838
549.01,33.8,56.46,Sandy,Maize,NPK,Yes,West,5.722
1053.71,21.01,68.76,Clay,Soybean,DAP,Yes,South,2.974
825.81,25.87,53.39,Clay,Rice,Urea,Yes,South,5.244
914.3,35.6,59.54,Sandy,Soybean,NPK,No,South,2.414
1037.01,21.11,66.55,Clay,Sugarcane,DAP,Yes,East,85.172
921.23,29.95,68.91,Clay,Wheat,Compost,No,West,3.124
681.92,29.55,60.9,Silty,Cotton,Compost,Yes,North,2.35
1102.5,17.39,57.57,Loamy,Rice,None,No,East,3.245
923.7,23.92,69.39,Sandy,Wheat,DAP,Yes,South,3.218
425.36,38.91,31.12,Silty,Rice,NPK,Yes,North,3.34
686.39,28.12,51.49,Loamy,Soybean,DAP,Yes,West,4.218
1026.36,28.92,65.49,Clay,Maize,NPK,No,Central,5.044
976.98,28.19,49.89,Clay,Cotton,Urea,Yes,South,2.166
817.29,37.21,56.79,Silty,Soybean,NPK,Yes,South,2.702
837.21,22.13,61.17,Clay,Wheat,Urea,Yes,South,3.758
1112.8,23.61,56.05,Peaty,Wheat,NPK,Yes,South,3.065
470.13,26.45,50.93,Silty,Wheat,Urea,Yes,North,3.893
619.88,29.78,42.61,Loamy,Wheat,DAP,Yes,West,3.488
828.71,27.77,64.62,Silty,Wheat,Compost,No,East,3.744
508.31,27.91,54.43,Sandy,Rice,DAP,No,North,4.363
720.95,24.24,60.33,Silty,Soybean,Urea,No,West,3.475
955.52,30.04,58.56,Clay,Cotton,DAP,Yes,East,2.174
903.7,17.54,44.75,Clay,Maize,NPK,Yes,South,6.153
477.06,24.26,52.18,Peaty,Maize,NPK,No,West,6.193
816.44,22.89,70.14,Peaty,Soybean,Urea,Yes,South,3.117
969.83,21.49,67.53,Peaty,Soybean,NPK,Yes,West,3.322
679.9,18.1,67.56,Loamy,Maize,Urea,No,Central,6.619
954.44,28.16,59.53,Peaty,Maize,Compost,Yes,South,5.798
779.69,29.15,50.06,Loamy,Rice,DAP,Yes,South,5.807
907.76,29.18,62.85,Peaty,Sugarcane,Compost,Yes,South,76.202
509.4,31.71,48.65,Loamy,Cotton,DAP,Yes,North,2.719
1165.04,32.58,58.84,Silty,Wheat,None,Yes,East,1.829
1057.92,16.8,47.28,Silty,Sugarcane,DAP,Yes,South,57.599
1073.77,30.15,64.15,Clay,Soybean,Urea,Yes,South,3.203
562.04,27.91,58.74,Loamy,Maize,DAP,No,North,7.18
855.98,27.86,47.8,Sandy,Sugarcane,NPK,Yes,North,64.007
820.57,26.38,68.33,Clay,Cotton,Compost,No,Central,2.063
435.57,24.25,50.71,Silty,Soybean,NPK,Yes,West,3.627
1131.37,29.64,63.51,Loamy,Wheat,None,No,South,2.777
647.8399999999999,22.1,43.23,Peaty,Wheat,None,No,West,2.635
720.77,32.51,58.64,Sandy,Cotton,NPK,No,North,2.021
392.08,24.51,38.62,Silty,Cotton,Urea,No,North,1.895
689.32,16.79,46.15,Clay,Maize,NPK,Yes,Central,6.271
1112.49,27.56,48.87,Loamy,Wheat,Urea,Yes,East,3.777
586.6,21.11,73.34,Sandy,Soybean,NPK,Yes,North,3.164
877.59,21.01,57.17,Loamy,Sugarcane,NPK,Yes,South,97.957
331.25,30.42,41.75,Peaty,Soybean,NPK,Yes,Central,2.668
889.02,31.67,57.45,Clay,Rice,Compost,Yes,East,4.281
553.42,26.45,47.05,Loamy,Rice,Compost,Yes,Central,5.869
270.79,16.94,43.98,Silty,Cotton,None,No,North,1.08
893.59,29.66,60.85,Clay,Maize,Urea,No,East,5.326
928.81,25.4,55.33,Silty,Rice,DAP,Yes,West,5.753
1173.64,33.89,64.46,Loamy,Wheat,Compost,Yes,East,3.315
774.72,36.84,74.16,Clay,Soybean,None,No,South,1.847
561.75,19.48,36.57,Silty,Soybean,Urea,Yes,West,3.12
562.06,39.36,42.13,Peaty,Cotton,Urea,Yes,West,1.502
1013.41,19.21,64.22,Peaty,Sugarcane,Urea,Yes,South,73.121
710.75,24.31,65.16,Loamy,Cotton,Urea,Yes,West,2.892
443.18,32.13,72.8,Clay,Sugarcane,None,Yes,North,58.136
910.5,23.39,61.53,Sandy,Cotton,NPK,No,East,2.246
1162.19,22.93,53.49,Clay,Cotton,NPK,Yes,East,2.322
1128.66,18.47,74.62,Peaty,Cotton,Compost,Yes,South,1.559
415.51,20.32,49.31,Silty,Sugarcane,NPK,No,North,67.176
632.45,22.93,53.34,Sandy,Sugarcane,Urea,No,West,58.68
1019.26,30.87,44.84,Loamy,Cotton,DAP,Yes,East,2.505
971.65,35.39,68.78,Sandy,Rice,Compost,No,East,3.468
1169.54,23.21,56.02,Loamy,Maize,Urea,No,East,5.857
977.16,25.0,64.08,Sandy,Maize,DAP,No,East,5.796
986.22,22.03,60.26,Loamy,Maize,DAP,No,Central,7.324
1080.15,19.36,63.2,Loamy,Sugarcane,Urea,No,South,68.879
547.04,19.37,51.36,Sandy,Sugarcane,Urea,Yes,West,58.106
660.02,20.62,47.17,Sandy,Rice,NPK,No,West,4.428
753.51,26.75,48.34,Loamy,Maize,Urea,No,South,7.33
491.28,23.86,57.41,Peaty,Maize,None,Yes,North,5.41
1030.6,25.11,60.49,Sandy,Cotton,Urea,Yes,South,1.673
1036.86,28.98,55.5,Clay,Sugarcane,NPK,No,East,59.257
1316.88,26.54,62.24,Silty,Maize,NPK,No,East,5.111
716.71,21.18,57.89,Loamy,Soybean,None,Yes,South,3.573
895.06,31.79,52.48,Loamy,Rice,NPK,Yes,South,6.298
574.13,16.89,64.25,Silty,Soybean,DAP,No,West,3.284
602.58,23.13,50.81,Peaty,Soybean,DAP,Yes,West,3.394
706.29,35.61,51.33,Silty,Rice,DAP,Yes,Central,4.569
598.46,28.7,56.91,Sandy,Soybean,Urea,Yes,Central,2.924
1143.69,18.01,60.6,Silty,Maize,Urea,Yes,East,5.428
962.71,19.08,62.31,Loamy,Sugarcane,NPK,No,Central,81.366
349.67,25.3,46.55,Silty,Rice,Compost,Yes,Central,4.548
758.94,24.57,41.29,Clay,Cotton,Compost,Yes,North,2.183
1277.52,30.55,57.01,Sandy,Soybean,None,Yes,South,1.221
678.46,32.65,55.91,Silty,Rice,NPK,Yes,West,5.163
608.41,24.42,48.56,Loamy,Wheat,NPK,No,Central,4.126
564.17,26.47,67.75,Sandy,Wheat,NPK,Yes,West,3.858
653.83,21.84,46.78,Loamy,Sugarcane,Urea,Yes,Central,77.47
764.56,26.21,44.82,Peaty,Maize,DAP,Yes,Central,6.529
935.89,21.87,59.03,Clay,Sugarcane,None,Yes,East,57.364
538.02,26.975,52.77,Peaty,Sugarcane,None,No,North,56.487
756.61,23.87,62.2,Clay,Sugarcane,NPK,Yes,South,89.834
831.48,30.13,36.59,Silty,Sugarcane,Compost,No,South,69.454
938.17,32.25,70.82,Sandy,Cotton,NPK,Yes,East,1.977
994.65,33.47,49.42,Silty,Cotton,Urea,Yes,East,2.132
681.71,27.18,62.35,Clay,Rice,Urea,No,South,5.996
850.52,30.04,72.67,Clay,Wheat,DAP,No,South,3.384
517.83,24.5,56.33,Clay,Sugarcane,Compost,No,North,68.701
727.72,22.8,45.38,Loamy,Rice,DAP,Yes,Central,6.836
759.78,20.16,53.65,Sandy,Wheat,DAP,Yes,North,3.037
884.8,28.79,57.89,Silty,Soybean,Urea,No,South,2.886
517.41,16.75,50.61,Silty,Maize,Compost,Yes,Central,5.154
919.81,31.36,50.0,Peaty,Cotton,NPK,No,South,1.937
443.68,25.21,49.67,Clay,Soybean,NPK,No,North,2.966
439.8,25.54,44.66,Clay,Wheat,Urea,No,North,3.014
505.61,30.37,54.93,Clay,Soybean,Compost,No,North,2.839
622.08,17.83,43.95,Silty,Maize,NPK,Yes,Central,6.515
647.8399999999999,25.89,34.33,Peaty,Wheat,Compost,No,West,2.973
577.22,34.89,43.41,Loamy,Soybean,DAP,Yes,West,3.568
968.35,25.58,57.89,Sandy,Cotton,Compost,Yes,South,1.743
706.08,20.38,49.1,Loamy,Cotton,None,Yes,Central,2.704
851.1,25.27,62.39,Silty,Rice,Urea,Yes,East,6.186
520.94,33.54,47.27,Clay,Soybean,DAP,No,West,2.619
718.49,23.17,54.18,Sandy,Sugarcane,DAP,No,Central,60.854
551.92,19.3,43.0,Silty,Soybean,Compost,Yes,Central,2.872
515.48,24.67,50.47,Silty,Wheat,Urea,Yes,West,4.036
614.35,19.98,44.64,Silty,Wheat,Urea,No,Central,3.33
554.22,15.72,41.57,Sandy,Soybean,DAP,No,Central,2.329
665.11,30.77,51.5,Sandy,Maize,None,No,West,3.43
503.85,32.24,44.67,Peaty,Cotton,NPK,No,North,2.053
1110.64,29.1,39.7,Peaty,Wheat,NPK,No,South,2.822
825.73,31.47,55.88,Loamy,Cotton,NPK,Yes,East,2.674
1072.62,24.97,53.66,Sandy,Wheat,Urea,No,South,2.265
585.6,33.76,43.37,Sandy,Rice,NPK,No,North,4.047
773.66,23.86,66.64,Sandy,Sugarcane,Compost,No,North,64.022
903.3,27.0,64.9,Peaty,Wheat,DAP,Yes,Central,3.805
835.94,22.78,59.72,Silty,Cotton,NPK,No,South,2.685
338.67,19.99,47.26,Clay,Rice,NPK,Yes,North,4.699
877.87,23.82,62.4,Peaty,Wheat,NPK,Yes,South,3.803
253.5,38.15,41.93,Sandy,Maize,Urea,No,North,2.937
1098.95,34.67,62.61,Peaty,Sugarcane,None,Yes,East,39.139
572.73,30.88,48.23,Loamy,Wheat,None,Yes,North,3.19
810.16,24.86,57.1,Sandy,Rice,DAP,No,South,4.605
632.57,24.74,54.94,Loamy,Maize,Urea,No,Central,7.295
746.68,35.57,56.72,Sandy,Soybean,Urea,No,South,1.977
645.2,27.075,49.96,Peaty,Rice,None,Yes,West,4.14
751.21,30.95,60.55,Silty,Rice,Compost,No,South,5.012
994.43,24.23,58.27,Clay,Maize,DAP,Yes,East,6.664
1052.97,25.51,59.23,Loamy,Rice,DAP,No,East,5.583
1097.5,30.9,47.38,Peaty,Maize,DAP,Yes,East,5.374
616.82,26.975,45.53,Silty,Wheat,NPK,No,North,3.822
955.27,28.74,66.03,Peaty,Maize,DAP,Yes,East,5.886
966.62,23.5,65.6,Loamy,Maize,None,No,South,6.488
720.27,29.55,54.23,Clay,Sugarcane,NPK,Yes,Central,82.52
1019.02,23.35,55.91,Peaty,Maize,NPK,No,East,5.68
746.03,35.76,56.13,Sandy,Maize,DAP,Yes,South,4.523
362.76,26.68,28.1,Silty,Soybean,Urea,No,North,2.229
588.69,30.87,52.89,Peaty,Wheat,Compost,Yes,North,2.968
772.95,26.9,45.48,Silty,Sugarcane,DAP,Yes,Central,83.32
606.84,24.49,51.41,Sandy,Soybean,Urea,No,Central,2.739
904.26,29.87,63.22,Clay,Cotton,None,No,South,1.727
1032.01,32.77,57.84,Clay,Wheat,DAP,Yes,Central,3.303
963.03,19.76,65.23,Sandy,Wheat,Urea,Yes,Central,2.474
510.0,27.66,45.14,Silty,Cotton,Urea,No,North,2.339
835.05,26.46,50.87,Peaty,Maize,DAP,No,South,6.229
818.02,28.05,61.36,Sandy,Soybean,None,Yes,Central,2.855
1001.83,33.77,57.16,Loamy,Rice,DAP,No,South,4.74
833.03,31.08,67.43,Silty,Sugarcane,DAP,No,East,72.249
513.67,32.78,50.38,Clay,Rice,NPK,Yes,North,5.593
649.23,28.32,57.39,Sandy,Cotton,DAP,Yes,North,2.351
415.56,24.83,55.76,Clay,Wheat,Urea,No,North,2.807
538.3,14.88,50.19,Silty,Wheat,Urea,No,West,2.776
810.95,27.19,44.0,Clay,Sugarcane,DAP,No,South,64.802
940.11,14.5,63.82,Sandy,Wheat,Urea,Yes,East,2.686
464.61,34.94,58.83,Silty,Wheat,Urea,Yes,Central,3.22
1103.94,30.7,59.95,Loamy,Sugarcane,NPK,Yes,East,81.228
789.88,36.84,63.74,Sandy,Soybean,Urea,No,South,1.958
580.36,28.33,42.26,Peaty,Soybean,NPK,Yes,North,3.311
664.26,29.5,54.48,Sandy,Sugarcane,NPK,Yes,West,68.283
748.24,26.07,52.68,Silty,Cotton,Compost,Yes,South,2.521
635.07,27.38,40.09,Sandy,Wheat,DAP,Yes,South,2.82
713.37,23.38,57.45,Loamy,Wheat,Urea,Yes,Central,4.06
934.64,26.41,51.59,Loamy,Cotton,NPK,Yes,East,3.392
1068.32,22.77,64.38,Peaty,Soybean,Compost,No,East,2.088
821.83,27.23,48.45,Clay,Maize,NPK,Yes,Central,7.513
344.19,26.87,33.49,Silty,Maize,Urea,Yes,West,5.764
515.34,26.9,44.59,Silty,Maize,None,Yes,North,5.8
706.26,26.55,62.41,Clay,Soybean,Urea,Yes,North,3.27
865.59,23.91,56.03,Loamy,Soybean,DAP,Yes,West,4.184
425.15,29.8,48.79,Loamy,Cotton,DAP,Yes,Central,2.254
1072.8,28.57,62.57,Sandy,Wheat,Urea,Yes,South,2.673
848.57,28.38,57.79,Peaty,Cotton,Compost,No,East,1.988
1005.89,22.29,75.11,Peaty,Cotton,NPK,Yes,South,2.597
917.66,30.37,58.02,Peaty,Soybean,NPK,Yes,East,3.483
1012.0,23.18,45.0,Sandy,Maize,NPK,No,South,5.146
645.74,24.39,49.94,Peaty,Rice,Compost,Yes,Central,4.871
484.23,27.46,50.23,Clay,Wheat,Compost,No,Central,2.981
562.79,32.75,41.17,Unknown,Soybean,Urea,Yes,West,2.339
981.03,20.96,57.72,Clay,Maize,Compost,Yes,South,6.276
836.64,22.06,54.93,Sandy,Rice,Urea,Yes,South,4.734
489.02,17.19,63.99,Peaty,Rice,DAP,No,West,3.932
459.29,29.53,43.76,Clay,Soybean,DAP,Yes,West,2.816
578.6,25.31,59.17,Clay,Sugarcane,DAP,Yes,Central,69.343
577.3,29.12,50.38,Clay,Wheat,Compost,Yes,Central,3.744
986.13,28.69,66.6,Sandy,Rice,None,Yes,South,2.89
640.7,30.94,63.98,Silty,Soybean,DAP,No,Central,3.439
655.2,27.01,56.15,Peaty,Soybean,None,Yes,Central,2.863
873.03,23.45,57.0,Clay,Maize,NPK,No,South,6.475
731.02,28.16,63.81,Silty,Sugarcane,Compost,Yes,West,81.918
995.58,29.07,48.21,Peaty,Wheat,Compost,No,South,2.578
470.97,25.26,50.81,Peaty,Cotton,Urea,Yes,North,2.268
860.4,27.45,47.24,Clay,Maize,NPK,No,South,6.283
646.37,20.27,59.33,Clay,Rice,Compost,Yes,North,5.026
795.63,20.64,56.7,Sandy,Rice,None,No,South,3.378
467.88,18.7,48.78,Silty,Maize,Compost,No,North,5.509
646.06,28.44,49.96,Silty,Soybean,NPK,Yes,North,4.026
813.91,30.7,61.69,Clay,Rice,NPK,No,South,5.261
737.14,19.87,40.44,Peaty,Sugarcane,DAP,No,Central,63.578
763.05,27.81,70.48,Clay,Wheat,DAP,No,East,3.624
787.56,29.24,54.61,Peaty,Sugarcane,DAP,Yes,Central,72.488
519.87,25.0,40.0,Peaty,Rice,Compost,Yes,North,4.147
961.02,35.01,38.19,Clay,Cotton,Urea,No,South,1.426
1067.91,19.71,60.01,Loamy,Wheat,NPK,Yes,South,3.935
849.95,25.11,58.84,Silty,Wheat,Compost,Yes,South,4.03
669.96,12.44,55.84,Peaty,Maize,None,No,South,3.278
945.72,28.73,47.31,Peaty,Maize,NPK,Yes,East,6.528
832.19,23.34,46.8,Loamy,Cotton,Compost,Yes,West,2.516
575.48,17.12,62.36,Sandy,Soybean,None,Yes,North,2.282
840.33,29.97,60.05,Loamy,Wheat,Compost,No,East,3.439
670.94,26.22,54.31,Loamy,Cotton,NPK,No,Central,2.907
723.17,25.47,51.38,Peaty,Maize,DAP,No,West,5.021
647.8399999999999,32.64,48.34,Silty,Maize,DAP,No,West,6.215
877.1,23.09,55.35,Loamy,Wheat,DAP,Yes,South,4.417
892.95,30.22,53.54,Sandy,Sugarcane,Compost,Yes,East,64.171
604.99,30.95,47.52,Clay,Rice,Compost,Yes,Central,4.764
933.37,24.19,66.66,Loamy,Maize,Compost,Yes,South,7.98
973.87,27.04,56.25,Loamy,Soybean,DAP,Yes,South,4.013
524.0,35.39,40.73,Sandy,Soybean,None,No,North,1.779
575.91,21.95,50.85,Silty,Maize,Compost,No,West,6.175
813.45,29.77,47.8,Loamy,Sugarcane,DAP,Yes,Central,88.87
586.45,27.31,43.03,Loamy,Sugarcane,NPK,No,West,88.004
1043.4,33.35,72.51,Silty,Cotton,NPK,No,East,2.063
629.95,26.83,51.13,Sandy,Soybean,None,No,North,2.295
710.39,30.43,43.99,Loamy,Cotton,Compost,Yes,South,2.412
570.96,19.0,50.6,Silty,Soybean,Urea,Yes,North,3.296
495.38,16.28,50.42,Loamy,Rice,DAP,Yes,South,5.017
534.64,21.75,49.04,Clay,Rice,Compost,Yes,North,5.305
986.92,24.79,55.83,Peaty,Wheat,NPK,Yes,South,4.066
700.54,25.23,42.91,Clay,Cotton,DAP,No,West,2.425
770.0,32.46,52.07,Loamy,Maize,None,Yes,West,6.4
702.57,25.04,47.7,Sandy,Cotton,Compost,Yes,West,2.155
568.65,27.12,50.4,Peaty,Maize,None,Yes,West,5.614
319.12,27.7,49.76,Clay,Sugarcane,Urea,No,North,55.608
916.97,23.84,72.35,Silty,Cotton,NPK,Yes,South,2.704
721.82,26.91,60.63,Sandy,Sugarcane,None,Yes,West,53.457
286.37,32.26,24.01,Clay,Rice,None,No,North,2.586
960.58,28.5,60.99,Silty,Rice,Urea,Yes,South,5.495
563.16,29.97,63.39,Loamy,Wheat,Urea,No,North,3.746
595.3,28.67,50.77,Silty,Cotton,NPK,Yes,West,2.578
1065.96,35.24,73.76,Clay,Sugarcane,Urea,Yes,East,54.308
508.69,21.74,41.34,Clay,Maize,Urea,Yes,North,5.672
599.08,39.5,44.96,Unknown,Rice,Urea,No,West,3.397
509.31,31.98,48.83,Silty,Rice,Compost,No,Central,4.561
960.71,32.89,58.04,Silty,Maize,Compost,Yes,South,6.054
454.09,33.55,55.78,Loamy,Sugarcane,Urea,Yes,West,80.25
597.39,32.18,51.96,Silty,Sugarcane,Urea,Yes,Central,78.324
618.37,20.55,51.5,Loamy,Cotton,Compost,No,North,2.473
524.88,21.33,70.31,Unknown,Cotton,Compost,Yes,North,1.95
956.36,30.5,52.91,Clay,Soybean,Urea,Yes,Central,3.174
788.93,29.89,66.09,Sandy,Soybean,DAP,Yes,Central,2.973
1012.7,31.43,63.58,Peaty,Wheat,None,Yes,South,2.714
678.09,27.23,50.63,Peaty,Rice,None,No,North,3.52
663.8,20.41,55.35,Peaty,Cotton,None,No,Central,1.857
920.22,26.45,51.86,Loamy,Sugarcane,NPK,Yes,East,96.256
817.92,30.71,57.05,Silty,Maize,DAP,Yes,East,7.781
481.96,25.73,49.61,Sandy,Sugarcane,NPK,Yes,Central,70.021
1072.11,26.98,65.25,Sandy,Rice,DAP,Yes,South,4.316
456.67,27.15,48.2,Sandy,Soybean,Compost,No,North,2.175
1134.09,24.39,76.01,Sandy,Sugarcane,DAP,Yes,East,54.858
479.22,22.93,42.53,Peaty,Wheat,Compost,Yes,Central,3.493
672.6,37.54,47.94,Sandy,Rice,Compost,Yes,Central,3.149
840.16,34.79,58.72,Silty,Soybean,Urea,No,West,2.663
739.91,32.35,48.35,Peaty,Maize,NPK,Yes,Central,7.07
943.88,29.08,64.26,Sandy,Soybean,Urea,No,South,2.78
912.06,21.98,68.76,Loamy,Wheat,DAP,No,East,3.906
514.6,31.44,46.14,Clay,Rice,Urea,No,West,3.622
993.26,32.58,60.57,Clay,Maize,DAP,No,East,6.243
831.15,25.28,61.86,Clay,Wheat,Urea,Yes,East,4.174
883.88,21.66,64.74,Peaty,Soybean,None,Yes,South,2.787
847.19,29.13,84.77,Sandy,Wheat,DAP,No,Central,2.96
709.94,32.34,43.34,Peaty,Rice,Compost,No,South,3.98
796.33,23.8,67.88,Silty,Cotton,DAP,No,Central,2.482
799.39,29.64,50.85,Loamy,Wheat,Compost,No,West,3.865
860.96,22.46,52.42,Loamy,Wheat,NPK,Yes,South,4.342
905.0,21.32,59.24,Clay,Soybean,Compost,Yes,South,3.226
478.08,28.02,50.06,Clay,Soybean,NPK,No,North,3.141
853.49,22.93,67.08,Clay,Maize,None,No,South,5.092
672.72,29.15,41.69,Sandy,Soybean,NPK,Yes,North,2.921
808.75,27.005000000000003,32.37,Silty,Sugarcane,NPK,Yes,Central,71.282
759.02,22.71,70.65,Silty,Rice,Urea,Yes,Central,6.199
791.19,32.15,44.3,Silty,Rice,Compost,Yes,Central,4.811
580.0,30.46,59.64,Silty,Cotton,Compost,Yes,North,2.426
515.97,29.1,53.87,Clay,Cotton,NPK,No,Central,2.322
1159.6,24.77,72.27,Loamy,Rice,NPK,Yes,East,5.633
765.98,27.07,59.41,Clay,Cotton,NPK,No,South,2.453
534.98,25.88,56.67,Silty,Maize,NPK,No,North,7.265
827.99,38.67,52.38,Clay,Soybean,Urea,No,Central,2.11
789.81,28.58,40.48,Silty,Rice,Urea,No,East,4.942
993.68,23.17,57.09,Peaty,Cotton,DAP,Yes,South,2.358
721.18,26.6,50.07,Loamy,Rice,None,No,South,4.96
789.21,18.6,48.23,Peaty,Sugarcane,NPK,Yes,Central,78.181
1180.4,17.48,64.0,Sandy,Wheat,NPK,No,East,2.695
439.37,34.31,33.19,Clay,Soybean,NPK,Yes,North,2.908
569.86,28.37,61.43,Sandy,Rice,NPK,No,Central,5.034
911.41,24.74,57.67,Clay,Wheat,None,Yes,South,2.6
765.15,26.87,51.35,Peaty,Cotton,NPK,Yes,South,2.962
573.42,26.48,48.99,Silty,Wheat,Compost,Yes,South,3.829
696.2,27.34,52.67,Silty,Soybean,NPK,No,Central,3.796
700.27,27.075,45.71,Clay,Rice,Urea,Yes,West,4.854
600.73,29.68,52.18,Silty,Sugarcane,NPK,Yes,West,78.153
666.96,24.95,42.88,Peaty,Cotton,DAP,No,West,2.219
1157.33,18.26,51.79,Silty,Rice,Urea,Yes,East,4.736
646.32,21.99,46.08,Peaty,Soybean,NPK,Yes,Central,3.082
866.01,30.79,56.14,Sandy,Cotton,Compost,Yes,South,2.033
997.04,27.075,68.75,Peaty,Maize,None,Yes,East,4.705
602.9,27.075,39.45,Loamy,Wheat,DAP,No,West,4.007
502.94,21.85,57.38,Loamy,Soybean,Compost,Yes,North,3.733
1256.29,24.84,52.26,Loamy,Maize,DAP,No,East,5.194
1018.86,35.92,61.15,Clay,Rice,Urea,Yes,East,4.448
655.48,27.74,40.97,Clay,Sugarcane,DAP,No,Central,71.568
1207.65,23.19,54.04,Unknown,Cotton,DAP,No,East,1.832
862.81,25.19,59.79,Peaty,Wheat,Urea,No,Central,3.113
643.64,24.36,55.31,Clay,Cotton,DAP,Yes,North,2.287
808.54,30.52,62.16,Sandy,Rice,Urea,Yes,South,5.004
1309.85,36.77,58.74,Loamy,Cotton,NPK,Yes,South,1.56
647.8399999999999,27.65,56.28,Peaty,Wheat,Urea,No,West,2.579
382.82,32.47,60.16,Loamy,Rice,Compost,Yes,West,4.58
607.44,20.27,54.01,Clay,Cotton,NPK,No,North,2.295
846.46,27.19,42.64,Peaty,Sugarcane,Compost,Yes,South,40.645
278.44,20.3,30.14,Silty,Soybean,None,Yes,West,2.245
978.88,33.06,60.8,Sandy,Rice,NPK,Yes,East,4.77
711.83,28.69,49.66,Clay,Soybean,NPK,Yes,Central,3.879
624.76,20.71,44.53,Clay,Rice,Urea,No,West,4.269
595.33,31.17,50.57,Sandy,Sugarcane,NPK,Yes,North,65.07
829.53,26.85,53.73,Unknown,Soybean,NPK,Yes,South,3.661
529.21,22.44,49.3,Silty,Maize,DAP,Yes,North,6.757
896.22,27.05,50.88,Clay,Wheat,Urea,No,Central,3.272
843.83,18.75,72.71,Clay,Maize,DAP,Yes,Central,6.161
518.71,24.59,41.68,Loamy,Cotton,NPK,Yes,North,2.673
732.23,22.18,52.49,Peaty,Sugarcane,DAP,No,West,74.264
781.04,26.09,39.29,Peaty,Maize,NPK,Yes,West,6.544
759.37,18.35,45.94,Loamy,Rice,Urea,Yes,South,6.258
949.56,18.05,48.58,Peaty,Cotton,NPK,Yes,South,1.937
1023.45,22.75,56.16,Sandy,Cotton,DAP,No,East,1.863
1098.64,26.81,59.98,Peaty,Maize,Urea,No,East,4.938
758.4,22.13,51.79,Peaty,Maize,Compost,No,South,5.349
994.87,29.31,55.52,Loamy,Sugarcane,Urea,No,East,76.926
436.85,30.51,50.45,Silty,Wheat,Urea,No,North,3.21
699.81,22.78,56.32,Peaty,Maize,DAP,Yes,West,6.641
876.22,33.95,38.47,Peaty,Maize,Compost,Yes,East,4.713
918.2,25.49,66.83,Silty,Soybean,None,Yes,East,3.449
568.4,36.16,53.46,Loamy,Rice,NPK,Yes,North,5.066
558.96,25.7,35.51,Silty,Soybean,Compost,No,Central,2.513
657.63,21.39,60.34,Loamy,Soybean,Urea,No,South,4.06
705.88,33.14,62.28,Sandy,Cotton,Compost,Yes,North,2.137
603.49,21.79,36.16,Loamy,Wheat,NPK,Yes,Central,3.664
340.03,32.69,44.3,Sandy,Rice,DAP,No,North,4.063
483.71,27.6,51.78,Sandy,Sugarcane,Urea,Yes,West,69.913
535.04,24.22,59.26,Loamy,Sugarcane,DAP,Yes,North,89.577
786.56,23.16,59.66,Clay,Maize,NPK,No,North,6.806
629.04,26.57,48.08,Loamy,Maize,DAP,Yes,West,7.631
987.43,30.4,51.09,Peaty,Sugarcane,NPK,No,South,68.481
642.37,26.8,41.02,Peaty,Maize,DAP,No,Central,5.474
1027.88,34.4,53.13,Clay,Wheat,Urea,Yes,East,2.557
869.0,21.12,61.68,Sandy,Soybean,DAP,Yes,South,2.736
635.51,26.52,60.08,Clay,Maize,Compost,No,North,5.912
830.11,32.5,53.58,Peaty,Cotton,Urea,Yes,East,2.005
661.28,20.98,62.0,Clay,Maize,Urea,Yes,West,6.105
923.05,32.2,61.72,Loamy,Rice,Urea,No,South,5.506
759.39,27.1,75.41,Clay,Wheat,Urea,Yes,Central,3.813
698.13,27.55,39.3,Sandy,Rice,DAP,Yes,South,4.893
828.61,25.3,54.82,Loamy,Rice,None,Yes,South,5.503
1090.15,20.96,63.5,Silty,Cotton,Compost,Yes,East,1.953
683.87,26.61,68.46,Peaty,Wheat,Compost,Yes,West,3.696
910.07,24.22,46.56,Peaty,Wheat,DAP,Yes,West,3.623
820.6,34.62,48.68,Clay,Wheat,DAP,Yes,South,3.71
351.92,29.55,47.48,Loamy,Wheat,Urea,Yes,West,3.808
930.05,27.17,48.82,Silty,Wheat,Compost,No,East,3.324
600.7,33.59,50.03,Loamy,Cotton,Compost,No,East,2.365
805.32,26.72,43.02,Peaty,Maize,Urea,Yes,Central,6.183
649.52,30.51,62.55,Loamy,Rice,NPK,Yes,West,6.688
700.96,32.82,68.63,Silty,Wheat,Compost,No,Central,3.131
633.64,25.64,66.4,Clay,Maize,DAP,No,North,6.181
1155.99,29.17,64.35,Sandy,Maize,Urea,No,East,5.341
511.35,24.82,51.63,Loamy,Rice,Compost,No,South,4.921
693.7,32.73,53.78,Sandy,Cotton,NPK,Yes,East,1.927
436.69,26.86,55.62,Peaty,Sugarcane,DAP,Yes,North,71.555
854.42,33.85,67.18,Clay,Sugarcane,Urea,No,South,65.738
679.94,27.99,59.31,Clay,Maize,Compost,No,West,5.56
668.72,39.73,52.18,Loamy,Soybean,Urea,Yes,West,2.527
1026.34,23.46,66.17,Clay,Soybean,NPK,Yes,East,2.974
665.54,31.3,53.23,Loamy,Rice,Compost,Yes,South,5.267
780.78,26.78,44.88,Loamy,Sugarcane,Urea,Yes,South,81.956
651.64,25.87,48.3,Sandy,Maize,Urea,Yes,Central,6.252
527.4,17.51,52.25,Clay,Cotton,Compost,No,North,1.562
574.93,27.36,44.54,Loamy,Sugarcane,DAP,No,West,77.562
1038.15,22.13,53.25,Sandy,Maize,Urea,No,East,4.751
728.82,25.45,59.52,Silty,Maize,NPK,No,South,6.915
577.61,22.33,57.0,Sandy,Wheat,DAP,Yes,West,3.391
1075.45,22.99,63.87,Sandy,Cotton,Compost,No,East,1.69
680.67,21.64,49.63,Loamy,Wheat,Urea,No,West,4.165
993.96,21.69,56.18,Peaty,Rice,Compost,Yes,East,4.67
597.4,19.04,57.55,Peaty,Wheat,DAP,No,West,2.589
628.59,28.88,45.36,Peaty,Wheat,None,Yes,Central,2.622
499.74,27.09,38.36,Sandy,Sugarcane,NPK,No,North,59.468
574.43,30.54,55.55,Loamy,Soybean,Urea,Yes,West,4.049
495.34,25.04,48.95,Clay,Maize,DAP,Yes,North,6.489
694.36,23.7,64.34,Sandy,Cotton,DAP,Yes,West,2.346
941.23,26.56,50.3,Sandy,Wheat,Compost,Yes,South,2.758
503.06,30.51,58.66,Loamy,Cotton,NPK,Yes,Central,2.918
968.76,28.5,54.7,Silty,Soybean,Compost,Yes,Central,3.079
468.53,27.06,55.63,Sandy,Soybean,Urea,Yes,North,2.526
970.33,30.32,49.1,Silty,Wheat,NPK,Yes,South,3.151
839.25,27.03,43.94,Silty,Rice,Urea,Yes,East,5.801
919.4,24.04,61.2,Peaty,Wheat,NPK,No,Central,3.559
980.73,31.54,57.41,Loamy,Sugarcane,NPK,No,South,84.005
957.37,20.76,60.42,Silty,Maize,DAP,No,South,6.541
523.17,19.9,42.66,Loamy,Rice,DAP,No,North,4.508
623.99,26.88,55.1,Peaty,Wheat,NPK,Yes,South,3.689
1149.42,27.43,73.18,Loamy,Cotton,NPK,Yes,South,2.441
1128.05,28.17,71.33,Sandy,Rice,DAP,Yes,East,3.853
501.78,25.36,44.64,Silty,Rice,DAP,No,North,5.273
621.79,33.77,42.39,Loamy,Wheat,Compost,No,North,2.953
703.41,19.51,54.04,Clay,Rice,Urea,Yes,South,5.555
714.02,27.67,61.06,Loamy,Cotton,Urea,Yes,East,3.062
652.47,30.79,39.54,Silty,Soybean,Urea,No,West,3.066
580.37,33.92,56.48,Peaty,Rice,Urea,Yes,Central,4.738
477.61,33.67,65.63,Peaty,Soybean,Compost,Yes,North,2.376
992.1,21.52,64.96,Silty,Cotton,None,No,East,1.888
821.91,28.81,43.99,Sandy,Wheat,NPK,Yes,East,2.948
887.97,25.93,48.7,Sandy,Maize,Urea,No,South,4.655
534.38,26.91,45.17,Peaty,Rice,Compost,Yes,Central,4.815
701.87,32.67,52.88,Peaty,Maize,Compost,No,North,4.4
634.95,36.5,55.49,Silty,Cotton,Urea,No,West,2.234
979.13,28.3,65.35,Sandy,Rice,None,Yes,South,3.938
284.11,17.07,43.29,Peaty,Soybean,DAP,No,North,2.069
638.46,18.66,54.82,Sandy,Sugarcane,None,No,North,31.471
1224.58,26.77,55.84,Peaty,Maize,DAP,No,East,3.768
717.64,31.99,48.7,Loamy,Rice,Compost,Yes,Central,6.353
728.32,23.07,61.65,Clay,Maize,Urea,Yes,West,6.63
664.29,26.04,56.9,Loamy,Rice,Compost,Yes,Central,6.607
1056.29,35.09,65.74,Peaty,Wheat,Urea,No,East,2.323
890.18,25.02,49.49,Clay,Soybean,NPK,No,West,3.099
986.94,35.76,59.44,Clay,Maize,NPK,Yes,West,5.236
947.58,24.85,59.63,Peaty,Sugarcane,NPK,Yes,South,71.854
497.05,31.52,52.52,Peaty,Sugarcane,NPK,No,West,69.732
643.5,27.38,61.01,Sandy,Cotton,NPK,Yes,North,2.452
514.35,30.88,50.65,Peaty,Rice,Urea,Yes,Central,4.663
606.34,37.04,64.85,Silty,Maize,Compost,Yes,Central,4.417
823.47,29.1,40.75,Peaty,Cotton,NPK,Yes,South,2.309
956.18,33.31,56.66,Silty,Maize,Compost,No,West,5.577
1214.31,22.53,72.55,Peaty,Rice,NPK,Yes,East,5.135
733.24,22.34,48.69,Sandy,Sugarcane,Urea,Yes,North,74.316
1023.12,18.84,67.13,Silty,Wheat,Urea,No,South,3.242
513.74,21.72,51.06,Loamy,Sugarcane,None,Yes,West,69.612
1035.43,34.59,75.89,Silty,Cotton,Compost,Yes,East,2.082
925.69,27.075,57.3,Sandy,Soybean,Urea,No,West,2.649
967.13,25.66,58.23,Silty,Wheat,NPK,No,South,3.855
1154.52,28.02,77.5,Peaty,Cotton,None,Yes,East,1.626
758.53,30.4,52.28,Peaty,Rice,Urea,Yes,East,4.987
1108.28,30.89,70.62,Sandy,Wheat,NPK,Yes,East,3.116
841.85,28.09,59.3,Clay,Cotton,None,No,East,1.638
616.86,33.91,61.03,Peaty,Rice,None,Yes,West,3.583
1213.3,22.15,61.47,Loamy,Sugarcane,None,Yes,East,56.995
702.07,25.25,53.19,Sandy,Soybean,Compost,Yes,West,2.855
1122.25,32.85,59.5,Silty,Rice,DAP,No,East,4.259
972.25,31.78,43.65,Silty,Maize,Urea,Yes,East,5.5
611.1,28.85,50.1,Loamy,Rice,Urea,Yes,South,6.501
509.71,24.29,75.81,Peaty,Rice,DAP,Yes,West,4.715
752.04,30.94,49.18,Sandy,Soybean,DAP,Yes,West,3.135
750.21,22.45,56.17,Loamy,Maize,Urea,No,Central,7.281
1149.37,32.91,72.52,Peaty,Cotton,DAP,No,South,1.682
668.99,34.61,57.55,Sandy,Cotton,Urea,No,West,1.661
766.08,24.12,54.7,Silty,Rice,NPK,No,South,5.671
896.13,39.94,50.77,Sandy,Maize,DAP,Yes,South,3.958
1049.67,22.01,72.53,Clay,Maize,Compost,No,South,5.335
286.44,26.05,54.6,Sandy,Soybean,Compost,Yes,North,2.46
701.85,25.93,65.39,Clay,Sugarcane,Urea,Yes,West,81.215
710.93,26.48,64.77,Unknown,Cotton,None,No,South,1.571
574.41,34.12,40.07,Clay,Soybean,Compost,No,North,2.232
658.97,29.19,50.36,Silty,Wheat,DAP,No,North,3.531
1082.78,22.84,64.14,Peaty,Cotton,Urea,No,East,1.624
1201.06,27.55,56.41,Clay,Soybean,DAP,No,East,2.39
687.61,30.32,48.71,Clay,Cotton,Urea,Yes,West,2.162
1077.04,29.6,66.67,Silty,Sugarcane,DAP,No,East,69.766
732.28,33.11,59.44,Clay,Wheat,Compost,No,West,2.625
404.54,27.45,62.18,Loamy,Sugarcane,NPK,No,North,82.696
559.76,31.0,44.85,Silty,Wheat,NPK,No,North,3.719
281.15,26.29,38.18,Loamy,Rice,Urea,Yes,West,4.669
1056.53,23.77,77.92,Silty,Soybean,Urea,No,East,3.095
587.26,21.29,49.78,Clay,Wheat,DAP,Yes,East,3.529
777.36,34.83,40.35,Loamy,Sugarcane,Urea,No,West,66.054
948.0,19.46,62.16,Clay,Cotton,Urea,Yes,Central,2.459
1074.81,28.27,52.9,Silty,Wheat,NPK,Yes,East,3.287
997.96,29.05,56.87,Clay,Soybean,Urea,Yes,South,2.942
1180.73,22.1,52.27,Loamy,Wheat,NPK,Yes,East,3.524
634.78,31.5,61.59,Loamy,Maize,Urea,Yes,Central,7.339
359.13,20.25,50.45,Clay,Cotton,None,Yes,North,1.623
537.1,24.1,40.42,Sandy,Soybean,Compost,Yes,North,2.365
435.56,31.82,50.3,Silty,Soybean,NPK,Yes,North,3.549
1011.51,20.5,65.6,Silty,Rice,Urea,Yes,East,5.286
588.21,31.08,50.07,Clay,Sugarcane,NPK,Yes,North,83.923
628.27,32.58,65.81,Sandy,Rice,NPK,No,Central,4.827
592.94,32.37,60.19,Loamy,Soybean,NPK,Yes,Central,3.93
676.88,28.87,49.68,Peaty,Cotton,Compost,Yes,East,2.373
874.68,22.81,55.68,Peaty,Wheat,NPK,Yes,South,4.0
934.47,22.05,48.8,Clay,Wheat,Urea,Yes,East,3.293
495.11,24.48,36.33,Sandy,Cotton,Compost,No,North,1.755
1109.75,11.67,55.23,Sandy,Soybean,NPK,Yes,East,2.296
994.79,27.12,54.27,Silty,Wheat,DAP,Yes,Central,4.038
946.47,26.42,69.54,Loamy,Wheat,Urea,Yes,East,3.645
1057.91,27.38,50.16,Sandy,Wheat,DAP,No,East,2.842
938.11,25.8,59.54,Peaty,Sugarcane,NPK,No,South,76.373
870.2,27.88,59.12,Loamy,Sugarcane,Urea,Yes,Central,86.236
513.23,27.4,44.61,Loamy,Maize,Urea,Yes,West,6.547
508.81,19.7,58.33,Clay,Rice,Urea,Yes,West,5.129
576.28,28.4,49.03,Sandy,Cotton,NPK,No,Central,2.04
309.87,27.075,41.46,Clay,Cotton,Urea,Yes,West,1.876
543.1,18.37,64.0,Sandy,Cotton,NPK,Yes,North,2.11
492.1,31.47,43.11,Silty,Maize,DAP,Yes,West,6.201
587.68,25.51,57.98,Unknown,Sugarcane,NPK,Yes,North,83.175
341.14,30.18,42.28,Clay,Soybean,None,Yes,Central,2.407
641.45,26.78,43.11,Peaty,Soybean,Urea,Yes,West,2.981
611.57,18.1,49.59,Clay,Maize,DAP,Yes,West,5.638
468.26,28.25,68.21,Sandy,Soybean,NPK,Yes,North,3.356
699.73,29.48,42.44,Peaty,Cotton,DAP,Yes,North,2.411
879.31,32.85,51.98,Clay,Rice,Urea,Yes,East,4.798
945.56,31.59,68.74,Clay,Wheat,NPK,No,South,3.077
555.23,32.99,43.59,Silty,Sugarcane,None,No,West,41.661
1148.86,30.68,58.16,Clay,Sugarcane,Compost,No,South,53.268
879.46,24.54,58.67,Loamy,Maize,DAP,No,South,7.642
751.37,24.66,53.23,Peaty,Sugarcane,DAP,Yes,West,74.97
641.45,31.94,56.9,Loamy,Cotton,Urea,Yes,North,2.78
1171.84,25.06,61.33,Peaty,Soybean,NPK,No,East,2.407
721.91,29.65,54.48,Unknown,Cotton,NPK,Yes,Central,2.797
452.38,35.55,48.0,Clay,Maize,NPK,Yes,West,4.891
716.45,23.91,47.79,Clay,Cotton,Urea,Yes,West,2.268
741.57,30.64,40.03,Clay,Soybean,Compost,Yes,Central,2.507
444.57,27.19,64.27,Peaty,Rice,Urea,No,South,4.594
749.21,29.93,48.36,Clay,Maize,DAP,Yes,East,6.75
1005.89,35.07,53.97,Loamy,Rice,NPK,No,South,5.864
913.06,33.69,59.85,Clay,Wheat,Urea,Yes,Central,3.206
687.6,25.07,45.48,Silty,Rice,Compost,Yes,Central,5.359
993.96,34.87,69.75,Loamy,Wheat,NPK,Yes,East,3.043
716.37,25.88,56.36,Clay,Wheat,None,Yes,Central,3.374
705.46,38.44,51.94,Clay,Rice,NPK,No,Central,4.884
978.52,27.16,55.57,Sandy,Maize,NPK,Yes,East,6.5
662.11,30.31,43.64,Peaty,Soybean,Compost,Yes,West,2.917
958.26,30.16,61.67,Loamy,Cotton,Urea,Yes,South,2.608
589.74,21.53,52.88,Sandy,Cotton,DAP,Yes,West,1.925
837.0,33.88,51.57,Silty,Soybean,Compost,Yes,West,3.195
749.97,28.1,59.19,Peaty,Wheat,NPK,No,South,3.359
905.17,24.22,70.75,Loamy,Wheat,Compost,Yes,West,3.683
967.68,23.24,59.47,Clay,Maize,DAP,No,East,6.023
892.19,23.99,55.87,Loamy,Sugarcane,DAP,Yes,South,88.338
455.85,26.62,41.43,Clay,Rice,Urea,Yes,North,4.602
711.41,21.66,52.96,Peaty,Wheat,NPK,Yes,West,3.684
643.5,22.92,49.51,Clay,Cotton,Compost,Yes,Central,1.982
828.69,18.36,48.2,Silty,Maize,NPK,No,South,6.49
641.95,22.95,56.45,Clay,Rice,DAP,No,North,5.254
874.18,33.82,59.67,Silty,Maize,DAP,No,Central,5.56
393.68,33.01,48.48,Peaty,Rice,NPK,No,North,4.589
773.84,28.35,52.58,Unknown,Rice,NPK,Yes,West,5.459
887.18,37.53,65.12,Loamy,Soybean,Compost,No,Central,2.241
385.25,33.07,33.7,Silty,Wheat,Compost,No,West,2.45
573.09,29.17,37.84,Silty,Maize,DAP,No,Central,5.979
1083.57,29.72,63.48,Unknown,Maize,NPK,Yes,South,6.136
993.96,27.44,71.23,Sandy,Soybean,NPK,Yes,East,3.3
1256.39,20.7,66.09,Sandy,Cotton,NPK,Yes,East,1.465
523.4,25.67,51.48,Clay,Cotton,Compost,Yes,North,2.6
621.1,14.03,44.04,Sandy,Wheat,Compost,Yes,Central,1.83
854.2,21.53,39.93,Silty,Wheat,Compost,No,West,2.803
774.66,33.94,47.7,Clay,Sugarcane,NPK,Yes,South,68.113
863.39,27.39,62.42,Peaty,Soybean,Compost,Yes,South,3.376
983.92,21.67,47.1,Loamy,Cotton,Compost,Yes,South,2.468
1098.77,29.64,55.16,Sandy,Rice,Urea,No,East,3.807
530.35,30.02,38.08,Peaty,Maize,None,Yes,West,3.52
939.1,34.71,51.54,Silty,Wheat,NPK,No,South,3.226
856.36,35.89,66.25,Loamy,Maize,DAP,No,South,7.041
297.59,30.91,41.1,Peaty,Maize,Compost,No,North,3.923
630.84,19.43,59.93,Loamy,Sugarcane,Urea,Yes,Central,87.398
454.86,38.4,44.45,Sandy,Cotton,Urea,Yes,Central,1.677
601.08,33.77,63.55,Silty,Wheat,DAP,No,Central,3.298
369.76,26.975,50.19,Loamy,Maize,NPK,No,North,5.895
1116.07,26.92,58.64,Peaty,Wheat,NPK,No,East,2.899
595.05,19.25,50.61,Sandy,Rice,Compost,Yes,North,4.488
1130.79,24.2,51.08,Sandy,Sugarcane,Compost,Yes,South,51.069
511.74,26.75,46.15,Peaty,Rice,DAP,Yes,West,5.207
918.49,25.0,69.73,Peaty,Wheat,Urea,No,South,2.625
734.55,32.47,57.57,Loamy,Wheat,Urea,No,South,3.594
555.26,26.62,34.4,Clay,Cotton,NPK,Yes,West,2.202
640.08,23.12,51.43,Sandy,Maize,None,Yes,Central,5.278
846.05,29.5,58.27,Loamy,Maize,Compost,Yes,North,6.72
1054.58,22.85,67.1,Peaty,Rice,NPK,No,East,4.562
880.84,18.84,54.62,Unknown,Sugarcane,None,Yes,South,64.797
1061.85,29.55,60.28,Peaty,Soybean,Urea,Yes,South,3.009
1100.95,26.64,70.28,Silty,Maize,NPK,Yes,East,6.951
541.59,27.78,48.89,Peaty,Cotton,Compost,Yes,North,1.947
904.26,33.88,54.2,Peaty,Rice,Compost,No,South,3.292
954.14,28.25,65.77,Peaty,Rice,DAP,No,East,5.065
1347.85,29.85,57.89,Clay,Soybean,NPK,No,South,2.545
883.0,27.09,40.37,Peaty,Cotton,NPK,No,Central,2.235
639.01,31.05,54.85,Sandy,Sugarcane,Urea,Yes,Central,73.175
1013.89,16.34,52.22,Sandy,Cotton,Compost,No,South,1.41
982.33,23.13,62.85,Loamy,Sugarcane,Urea,No,South,76.019
742.47,25.07,62.47,Clay,Cotton,NPK,No,Central,2.471
977.22,24.6,64.5,Loamy,Cotton,Compost,Yes,South,2.729
428.13,23.04,54.31,Sandy,Wheat,NPK,No,North,2.761
484.74,26.59,44.41,Sandy,Rice,DAP,No,North,3.926
898.8,26.32,54.32,Silty,Cotton,Urea,Yes,West,2.92
580.6,26.59,56.35,Peaty,Soybean,Urea,Yes,North,3.688
794.96,28.0,56.47,Sandy,Cotton,DAP,No,South,2.036
878.97,29.49,45.23,Loamy,Maize,Urea,No,South,7.152
919.87,23.12,65.53,Loamy,Rice,Compost,Yes,East,5.484
684.66,24.39,41.99,Peaty,Maize,Urea,Yes,North,6.504
615.87,31.61,54.92,Peaty,Rice,Compost,Yes,Central,4.719
706.62,22.29,55.79,Silty,Maize,DAP,Yes,Central,7.675
550.62,22.96,60.47,Clay,Cotton,Compost,No,West,1.824
1331.19,23.14,64.74,Loamy,Cotton,NPK,Yes,East,1.656
794.38,26.0,39.66,Peaty,Wheat,Compost,Yes,Central,2.967
738.44,31.99,55.92,Loamy,Soybean,None,No,West,2.546
654.67,29.62,55.75,Peaty,Maize,Urea,Yes,North,5.935
940.81,22.64,67.41,Sandy,Sugarcane,DAP,No,East,77.341
1228.19,27.075,60.34,Loamy,Wheat,DAP,Yes,East,2.886
889.85,23.52,63.42,Sandy,Maize,DAP,No,South,5.694
815.92,18.89,63.49,Loamy,Maize,NPK,No,North,7.644
951.28,36.12,53.17,Clay,Wheat,Compost,Yes,East,2.692
757.32,22.82,57.68,Silty,Cotton,Compost,No,West,2.297
725.02,26.45,42.72,Sandy,Maize,DAP,No,Central,5.441
590.15,26.33,56.32,Peaty,Cotton,None,No,North,1.859
299.5,29.91,47.77,Clay,Wheat,None,Yes,North,2.274
852.52,17.82,60.05,Loamy,Cotton,DAP,Yes,East,2.799
1226.49,25.5,61.35,Sandy,Rice,Urea,Yes,East,3.486
806.68,25.17,64.81,Loamy,Sugarcane,NPK,Yes,East,95.195
783.8,34.07,57.27,Loamy,Maize,None,Yes,West,5.857
1290.0,24.28,60.34,Loamy,Soybean,DAP,Yes,South,2.647
1082.95,25.4,55.52,Silty,Sugarcane,DAP,No,East,70.614
1219.01,30.8,72.41,Silty,Cotton,None,Yes,South,1.58
1003.82,29.56,56.15,Peaty,Maize,NPK,No,South,5.743
589.43,23.38,53.55,Sandy,Cotton,DAP,No,North,1.818
756.2,29.14,51.82,Clay,Rice,Compost,Yes,Central,4.937
673.39,23.31,35.77,Clay,Wheat,None,Yes,Central,2.58
618.78,31.02,47.15,Clay,Maize,NPK,No,West,5.784
571.23,26.2,52.18,Loamy,Rice,NPK,Yes,West,7.193
763.48,27.005000000000003,72.42,Silty,Rice,NPK,Yes,Central,5.954
1030.06,16.28,54.41,Sandy,Maize,Urea,No,Central,4.387
763.67,25.12,57.94,Loamy,Cotton,NPK,Yes,North,3.036
580.73,23.08,70.24,Silty,Soybean,DAP,No,North,3.416
792.13,25.8,65.45,Silty,Rice,None,No,Central,3.974
987.19,26.75,50.05,Sandy,Sugarcane,DAP,Yes,East,69.317
1213.22,17.43,62.15,Sandy,Rice,NPK,No,East,3.464
305.16,23.35,48.16,Sandy,Soybean,DAP,Yes,North,2.858
1189.59,26.35,73.97,Loamy,Cotton,Compost,No,South,1.98
618.21,27.5,42.74,Peaty,Cotton,Urea,No,Central,1.998
592.39,30.99,58.04,Sandy,Sugarcane,NPK,Yes,West,73.789
816.59,31.85,61.96,Peaty,Rice,NPK,Yes,East,6.222
923.21,25.81,56.03,Loamy,Cotton,NPK,No,South,2.642
897.87,26.26,75.11,Peaty,Soybean,Compost,Yes,East,3.078
1074.52,24.6,54.2,Clay,Maize,Urea,No,South,5.572
801.27,30.28,58.94,Peaty,Wheat,None,Yes,Central,2.431
595.95,25.08,53.51,Sandy,Wheat,NPK,Yes,Central,3.532
700.96,22.17,54.38,Loamy,Wheat,NPK,Yes,Central,4.088
453.7,18.69,58.32,Sandy,Rice,NPK,No,North,4.199
758.15,22.26,44.42,Clay,Sugarcane,NPK,No,South,67.553
608.07,25.67,53.43,Sandy,Cotton,DAP,Yes,West,2.294
523.89,31.9,66.23,Sandy,Maize,NPK,No,West,4.775
875.24,27.23,63.89,Sandy,Soybean,Compost,No,Central,2.538
575.25,27.57,46.22,Silty,Maize,NPK,Yes,West,6.771
1086.36,27.02,55.33,Clay,Soybean,NPK,Yes,East,3.311
987.59,33.4,63.89,Sandy,Rice,Urea,Yes,South,4.044
622.03,29.54,48.53,Sandy,Wheat,DAP,Yes,South,3.165
1007.02,26.93,59.0,Sandy,Rice,Urea,Yes,South,4.506
743.97,24.01,48.93,Loamy,Sugarcane,Urea,No,East,87.106
424.92,20.7,65.09,Unknown,Sugarcane,Compost,No,North,60.108
1100.1,35.26,64.77,Unknown,Soybean,NPK,Yes,East,3.093
918.73,31.02,58.8,Silty,Cotton,Urea,Yes,South,2.348
848.93,26.03,43.92,Sandy,Cotton,Compost,Yes,South,2.121
632.55,35.97,46.05,Clay,Soybean,None,No,South,1.746
794.7,26.96,55.41,Peaty,Sugarcane,NPK,Yes,West,78.841
615.11,22.92,51.82,Peaty,Sugarcane,Compost,No,North,55.703
871.53,33.11,70.72,Sandy,Sugarcane,NPK,Yes,East,67.738
755.77,20.6,56.11,Loamy,Rice,Compost,No,South,5.251
854.03,25.0,65.39,Clay,Sugarcane,Urea,Yes,Central,81.753
595.06,21.0,53.34,Silty,Maize,Urea,Yes,North,7.161
495.96,23.0,56.81,Sandy,Wheat,Urea,Yes,Central,3.282
440.44,28.0,35.47,Clay,Sugarcane,DAP,Yes,North,62.877
1193.59,28.69,53.82,Clay,Soybean,None,No,South,1.222
700.34,21.49,61.4,Silty,Wheat,NPK,Yes,North,4.289
550.09,36.05,62.97,Clay,Rice,DAP,Yes,North,4.945
903.36,16.55,44.42,Loamy,Soybean,Compost,No,South,2.749
373.69,27.65,47.57,Loamy,Wheat,DAP,Yes,Central,4.176
895.99,27.78,45.92,Loamy,Soybean,NPK,Yes,Central,3.946
582.29,28.32,46.33,Clay,Rice,NPK,No,West,4.865
578.7,31.4,36.37,Loamy,Maize,Urea,No,Central,6.073
812.5,11.75,55.3,Silty,Rice,Urea,Yes,Central,4.774
455.51,23.13,47.63,Clay,Rice,Compost,No,North,4.126
376.56,27.76,45.96,Peaty,Soybean,Compost,No,West,2.417
961.47,35.52,56.89,Clay,Cotton,DAP,Yes,South,1.914
672.68,24.09,58.53,Silty,Sugarcane,Compost,No,South,73.677
991.18,26.04,73.54,Peaty,Sugarcane,Compost,No,East,67.447
697.64,30.63,44.28,Unknown,Maize,DAP,No,West,5.018
508.32,20.95,43.44,Loamy,Maize,DAP,No,North,5.997
958.99,27.11,60.22,Sandy,Sugarcane,DAP,Yes,East,71.576
1232.64,26.47,62.51,Sandy,Cotton,NPK,Yes,East,1.717
1134.79,23.95,60.16,Loamy,Sugarcane,None,Yes,South,64.221
562.37,29.52,40.75,Sandy,Cotton,NPK,Yes,Central,2.258
460.79,37.78,45.57,Sandy,Maize,NPK,Yes,North,4.254
569.02,27.87,47.81,Loamy,Wheat,Compost,No,West,3.158
995.28,15.83,61.66,Loamy,Soybean,NPK,Yes,East,3.737
537.7,22.64,43.49,Clay,Maize,None,Yes,North,5.026
1157.56,34.4,70.29,Clay,Maize,Urea,No,South,4.06
972.17,25.8,49.33,Loamy,Rice,Compost,No,East,5.347
845.46,21.14,69.34,Silty,Rice,NPK,No,East,6.208
811.8,30.77,49.69,Sandy,Rice,NPK,Yes,South,5.276
956.01,23.81,70.66,Clay,Soybean,DAP,No,South,3.238
861.43,27.18,51.23,Sandy,Rice,Compost,No,South,4.409
597.04,21.34,58.59,Peaty,Cotton,NPK,Yes,North,2.613
513.37,24.91,47.35,Loamy,Sugarcane,Compost,Yes,North,79.926
658.72,26.85,53.82,Silty,Wheat,NPK,No,North,3.99
686.76,26.5,58.55,Peaty,Maize,DAP,Yes,Central,7.121
817.54,28.87,53.68,Peaty,Cotton,None,Yes,East,1.762
497.97,28.01,34.73,Peaty,Wheat,Compost,Yes,North,2.722
1031.71,21.91,55.55,Loamy,Cotton,Compost,Yes,Central,2.414
1185.43,35.43,59.66,Clay,Cotton,Urea,Yes,East,1.688
375.75,26.22,61.34,Loamy,Maize,Urea,Yes,North,6.989
1166.76,20.25,62.96,Clay,Sugarcane,Compost,Yes,South,58.032
670.57,15.89,54.78,Peaty,Rice,DAP,Yes,West,3.94
476.74,27.38,48.61,Peaty,Soybean,Compost,No,North,2.862
607.76,22.37,53.9,Silty,Sugarcane,Urea,No,West,81.051
558.52,29.86,41.27,Clay,Soybean,NPK,Yes,North,3.541
1062.61,27.24,55.76,Peaty,Maize,NPK,No,South,6.1
678.5,45.0,58.87,Sandy,Maize,Urea,Yes,West,3.792
750.01,20.7,53.21,Silty,Maize,Compost,Yes,Central,7.353
1081.7,32.29,60.82,Loamy,Wheat,NPK,No,South,3.757
590.14,21.55,51.64,Silty,Soybean,Compost,Yes,West,3.505
695.36,31.15,59.41,Sandy,Sugarcane,DAP,Yes,West,74.154
904.26,34.12,54.19,Clay,Sugarcane,NPK,Yes,South,72.897
920.21,25.28,59.2,Loamy,Cotton,Urea,No,South,2.472
974.85,23.35,42.27,Loamy,Cotton,DAP,Yes,South,2.484
896.32,26.22,45.03,Clay,Cotton,Urea,Yes,East,2.224
847.0,23.28,54.95,Silty,Maize,Compost,No,Central,6.227
466.92,35.05,40.5,Peaty,Sugarcane,Urea,Yes,North,57.87
718.2,26.01,62.23,Silty,Soybean,None,Yes,West,2.976
581.56,29.2,43.09,Sandy,Maize,DAP,Yes,North,5.821
797.01,29.34,54.92,Peaty,Wheat,Urea,Yes,South,3.62
943.37,31.46,65.29,Silty,Cotton,Compost,Yes,Central,2.173
957.48,24.74,63.1,Clay,Maize,DAP,No,Central,6.047
861.87,30.84,52.88,Sandy,Maize,Compost,No,East,4.983
1019.89,33.51,57.28,Sandy,Wheat,DAP,Yes,South,2.775
631.62,26.22,56.43,Sandy,Rice,Urea,Yes,West,5.237
898.93,20.34,60.05,Peaty,Sugarcane,DAP,Yes,East,78.796
955.28,33.84,71.08,Loamy,Soybean,DAP,Yes,South,3.223
1125.07,27.87,68.94,Peaty,Rice,Urea,Yes,East,4.437
574.16,27.02,56.97,Silty,Cotton,NPK,Yes,North,2.923
845.48,30.38,59.65,Loamy,Maize,Compost,Yes,South,6.785
849.41,34.15,57.96,Silty,Wheat,Compost,Yes,West,2.945
854.81,25.89,54.13,Loamy,Wheat,Compost,Yes,West,4.0
797.57,33.28,59.94,Peaty,Sugarcane,Compost,Yes,South,54.05
1013.63,27.36,58.38,Sandy,Rice,None,Yes,East,2.323
463.16,30.12,54.83,Clay,Sugarcane,Urea,Yes,Central,76.126
1025.3,23.97,66.28,Sandy,Maize,Urea,No,South,4.689
849.13,25.73,60.74,Peaty,Sugarcane,Urea,Yes,West,74.988
608.43,32.42,47.19,Loamy,Soybean,Urea,Yes,North,3.585
494.69,17.18,49.19,Sandy,Wheat,Urea,Yes,West,2.828
942.29,30.5,67.52,Peaty,Wheat,NPK,Yes,Central,3.359
954.56,28.9,45.44,Silty,Cotton,Compost,No,West,2.373
635.22,35.31,54.22,Clay,Cotton,None,No,Central,1.412
966.82,32.03,65.39,Sandy,Maize,Urea,Yes,South,6.435
772.5,27.88,58.93,Loamy,Soybean,DAP,No,West,3.585
1118.11,20.64,78.92,Silty,Rice,None,Yes,East,3.694
1007.23,24.1,47.25,Peaty,Sugarcane,NPK,Yes,East,74.652
919.68,25.87,48.92,Clay,Maize,Compost,Yes,West,6.025
415.21,34.46,49.76,Loamy,Cotton,Compost,No,West,1.942
317.13,31.0,51.495000000000005,Peaty,Sugarcane,NPK,Yes,North,56.889
647.65,23.02,53.41,Peaty,Cotton,Compost,No,West,2.231
811.53,29.01,66.77,Sandy,Sugarcane,Urea,Yes,North,59.619
723.95,24.71,49.86,Sandy,Rice,NPK,Yes,North,5.022
326.0,23.77,44.34,Loamy,Maize,Compost,No,North,5.139
976.52,30.14,65.63,Peaty,Sugarcane,Urea,No,North,66.435
983.15,26.28,56.83,Sandy,Soybean,Compost,No,South,2.368
827.17,21.18,60.05,Clay,Wheat,DAP,No,East,3.325
536.18,31.13,56.28,Clay,Soybean,NPK,Yes,North,3.479
1145.07,27.76,59.57,Peaty,Soybean,Urea,Yes,East,2.559
737.87,25.17,57.15,Sandy,Wheat,NPK,Yes,North,3.858
990.1,34.46,55.98,Loamy,Soybean,Compost,Yes,East,3.117
728.32,32.32,47.43,Loamy,Sugarcane,DAP,No,West,80.435
631.28,27.61,49.5,Loamy,Sugarcane,Urea,No,West,87.661
990.12,18.44,58.37,Clay,Sugarcane,NPK,No,East,72.608
658.72,32.55,54.07,Sandy,Wheat,None,Yes,North,2.344
1116.11,24.58,61.45,Unknown,Soybean,DAP,No,South,2.108
829.38,26.21,42.55,Clay,Wheat,Urea,No,East,3.627
665.08,25.49,61.23,Loamy,Sugarcane,Compost,Yes,Central,95.886
809.71,20.52,42.58,Loamy,Soybean,NPK,Yes,South,3.659
548.8,29.26,52.49,Peaty,Soybean,Urea,No,Central,2.952
841.14,27.075,50.9,Silty,Cotton,Compost,Yes,East,2.516
553.74,29.0,52.24,Sandy,Cotton,Compost,No,North,1.539
539.12,22.32,48.99,Sandy,Rice,DAP,Yes,Central,5.329
834.03,24.73,59.46,Sandy,Maize,Compost,Yes,East,5.666
873.1,28.83,61.63,Silty,Cotton,Urea,Yes,South,2.387
403.08,27.62,56.36,Peaty,Wheat,NPK,Yes,North,3.242
776.29,30.11,61.71,Silty,Cotton,Compost,Yes,Central,2.519
928.13,30.49,60.05,Loamy,Rice,Compost,Yes,East,5.24
370.82,33.66,54.96,Loamy,Soybean,DAP,No,North,2.622
898.86,27.0,53.91,Unknown,Rice,DAP,No,North,4.591
330.09,33.03,60.05,Clay,Soybean,NPK,Yes,West,2.863
678.45,25.39,48.81,Sandy,Soybean,Compost,Yes,North,2.717
1051.92,30.89,57.28,Clay,Maize,Compost,Yes,East,4.949
827.29,32.62,42.01,Silty,Cotton,Compost,No,South,2.044
513.84,32.6,44.93,Loamy,Wheat,DAP,Yes,West,4.015
1259.26,19.71,63.05,Clay,Wheat,DAP,Yes,East,2.149
1318.58,11.28,64.19,Unknown,Sugarcane,Urea,Yes,East,33.828
956.08,29.78,72.58,Loamy,Soybean,Urea,No,East,2.914
634.26,27.01,57.37,Clay,Wheat,NPK,Yes,Central,4.039
869.31,28.4,64.9,Sandy,Maize,Urea,No,Central,5.398
863.1,27.46,57.26,Sandy,Soybean,Urea,No,South,2.498
1087.52,25.3,56.14,Sandy,Maize,NPK,Yes,East,5.459
783.7,29.86,73.11,Silty,Wheat,Urea,Yes,Central,3.973
705.6,28.69,53.3,Sandy,Wheat,Compost,Yes,Central,3.38
724.76,26.48,59.65,Peaty,Sugarcane,DAP,Yes,Central,76.337
955.44,27.14,51.53,Loamy,Wheat,Urea,Yes,South,3.986
736.71,30.08,45.37,Silty,Soybean,DAP,Yes,South,3.68
898.04,24.03,69.93,Sandy,Soybean,Urea,No,East,3.121
683.86,21.44,57.14,Loamy,Soybean,NPK,Yes,West,4.334
931.86,21.36,56.86,Clay,Sugarcane,Compost,Yes,East,80.659
1116.6,24.46,60.82,Sandy,Sugarcane,Urea,Yes,Central,51.5
719.89,27.005000000000003,46.12,Loamy,Wheat,Urea,Yes,Central,3.67
289.27,27.66,41.3,Peaty,Rice,DAP,Yes,North,4.232
577.91,23.6,54.96,Clay,Rice,Urea,Yes,East,5.479
823.16,28.01,56.83,Peaty,Sugarcane,DAP,Yes,Central,71.491
721.19,21.78,60.45,Loamy,Wheat,Compost,No,Central,4.053
866.1,26.07,35.4,Peaty,Rice,NPK,Yes,West,5.357
453.4,24.95,50.46,Loamy,Wheat,DAP,No,North,3.67
981.91,20.38,65.88,Loamy,Wheat,NPK,Yes,East,3.769
941.88,32.47,41.19,Peaty,Wheat,NPK,No,South,3.169
976.74,25.12,51.26,Loamy,Cotton,Urea,Yes,East,2.517
964.34,26.81,47.72,Sandy,Soybean,NPK,No,East,2.642
758.84,30.48,65.55,Loamy,Wheat,NPK,Yes,West,4.087
874.93,28.76,58.08,Silty,Cotton,DAP,Yes,East,2.572
730.35,27.39,55.74,Loamy,Sugarcane,None,Yes,West,76.958
924.28,27.075,67.56,Silty,Rice,DAP,Yes,West,6.426
948.27,30.64,58.08,Loamy,Soybean,DAP,Yes,Central,3.475
629.12,26.96,47.38,Loamy,Rice,NPK,No,South,5.86
576.53,27.72,52.9,Peaty,Soybean,DAP,Yes,West,3.198
593.59,32.56,55.31,Unknown,Rice,DAP,No,North,3.77
741.68,32.85,45.79,Sandy,Soybean,Urea,Yes,North,2.395
931.48,28.34,71.16,Clay,Rice,NPK,Yes,South,5.917
841.97,27.52,41.69,Peaty,Rice,NPK,Yes,West,5.306
799.59,30.28,58.6,Peaty,Rice,Compost,Yes,South,4.632
749.47,25.74,68.38,Sandy,Rice,None,Yes,Central,3.833
603.24,25.75,53.03,Peaty,Sugarcane,DAP,No,North,71.137
1197.0,26.69,47.5,Sandy,Wheat,Urea,Yes,East,2.227
686.28,21.91,65.62,Peaty,Maize,NPK,No,North,6.444
753.5,38.81,51.22,Loamy,Cotton,NPK,No,West,2.018
1027.4,25.0,66.8,Sandy,Maize,Urea,Yes,South,5.569
368.56,29.34,50.72,Sandy,Maize,Urea,No,North,4.985
974.28,26.92,59.36,Silty,Soybean,NPK,Yes,East,3.976
849.26,30.44,40.51,Peaty,Wheat,None,Yes,East,2.61
802.03,25.08,59.3,Peaty,Soybean,Compost,Yes,South,3.235
873.94,28.08,63.38,Sandy,Wheat,DAP,Yes,South,3.744
211.54,22.75,31.42,Loamy,Wheat,None,No,North,1.455
629.35,33.07,65.98,Loamy,Rice,NPK,No,West,5.91
582.58,30.31,48.56,Unknown,Sugarcane,Compost,Yes,Central,77.005
841.58,19.92,71.36,Peaty,Rice,NPK,Yes,East,5.838
914.38,27.07,63.62,Silty,Sugarcane,NPK,Yes,South,93.452
641.69,20.05,53.02,Sandy,Soybean,None,No,Central,1.986
751.23,23.0,55.86,Clay,Sugarcane,NPK,Yes,Central,93.529
602.68,31.6,59.93,Silty,Soybean,Compost,Yes,Central,3.316
623.66,14.57,64.7,Clay,Maize,Compost,No,West,4.831
1268.8,32.23,57.6,Silty,Maize,Compost,Yes,South,3.475
1093.47,28.89,57.08,Loamy,Sugarcane,Compost,No,East,80.182
773.09,26.6,68.73,Peaty,Sugarcane,NPK,Yes,South,78.86
735.91,31.39,47.66,Clay,Soybean,None,No,North,2.033
1232.26,40.51,64.82,Silty,Rice,Compost,Yes,East,2.637
989.8,20.35,54.3,Peaty,Soybean,Compost,Yes,South,2.796
882.71,35.47,63.57,Clay,Rice,DAP,No,East,3.715
704.95,31.83,34.39,Sandy,Maize,NPK,No,North,4.615
913.4,23.48,64.15,Silty,Wheat,Compost,No,East,3.32
902.63,29.62,67.34,Sandy,Sugarcane,Urea,Yes,Central,62.821
613.86,21.44,57.54,Loamy,Rice,Compost,No,West,5.533
508.07,24.54,43.51,Sandy,Soybean,Urea,Yes,North,3.048
1078.61,16.47,33.23,Sandy,Maize,Urea,Yes,East,5.062
761.54,20.26,49.81,Silty,Rice,NPK,Yes,North,5.6
1055.23,28.91,66.32,Loamy,Soybean,DAP,No,Central,3.349
654.05,29.35,52.88,Sandy,Sugarcane,DAP,No,West,63.706
488.55,29.3,56.8,Peaty,Sugarcane,Urea,Yes,North,72.699
576.9,30.18,49.77,Clay,Cotton,Urea,Yes,Central,2.34
477.72,27.005000000000003,47.38,Sandy,Wheat,NPK,Yes,Central,3.352
549.09,30.39,63.78,Loamy,Cotton,Compost,Yes,Central,2.753
1035.35,32.37,55.18,Sandy,Maize,NPK,Yes,East,5.611
1058.2,28.23,66.34,Clay,Rice,DAP,No,South,4.13
414.44,24.83,54.56,Loamy,Maize,DAP,No,North,5.934
1018.07,26.27,79.33,Silty,Soybean,DAP,No,South,3.402
570.71,22.82,64.66,Loamy,Sugarcane,NPK,Yes,Central,101.104
788.95,31.26,60.17,Silty,Cotton,Compost,Yes,South,2.342
539.57,18.97,56.47,Loamy,Cotton,None,Yes,Central,2.311
899.78,26.2,68.09,Clay,Cotton,Compost,No,Central,2.196
890.96,29.85,52.69,Clay,Maize,Compost,Yes,West,6.375
540.63,21.9,64.9,Loamy,Sugarcane,NPK,No,West,87.055
778.63,20.01,55.32,Sandy,Rice,None,No,South,3.643
643.39,15.6,58.32,Clay,Soybean,DAP,Yes,North,3.08
1159.2,25.58,66.08,Silty,Rice,Urea,Yes,South,4.232
792.09,21.28,49.79,Silty,Maize,Compost,No,North,6.283
842.24,31.38,53.8,Peaty,Soybean,Compost,No,South,2.888
972.47,19.24,53.07,Silty,Cotton,None,Yes,East,2.058
815.27,29.64,58.06,Peaty,Wheat,Compost,Yes,East,3.525
490.55,20.49,37.56,Loamy,Maize,Urea,Yes,North,6.738
664.49,19.43,45.38,Loamy,Maize,None,No,West,5.109
347.53,20.98,43.4,Loamy,Sugarcane,NPK,Yes,North,82.194
818.25,32.38,55.1,Sandy,Rice,Urea,Yes,South,4.324
733.33,20.99,66.31,Sandy,Maize,None,Yes,Central,4.989
772.0,32.71,63.4,Peaty,Maize,DAP,No,East,5.641
770.36,28.01,54.47,Silty,Cotton,DAP,Yes,Central,2.86
1153.06,24.41,77.58,Silty,Cotton,None,No,East,1.357
985.5,21.74,62.39,Loamy,Soybean,Compost,Yes,South,2.966
925.48,36.52,63.9,Clay,Wheat,Urea,Yes,East,2.844
725.8,24.06,39.39,Sandy,Sugarcane,DAP,Yes,North,66.611
908.12,24.08,50.63,Sandy,Wheat,NPK,Yes,Central,3.267
747.67,34.26,63.33,Loamy,Soybean,Urea,No,Central,3.046
922.36,35.14,63.69,Sandy,Cotton,Compost,Yes,South,1.635
607.04,26.3,66.5,Loamy,Rice,NPK,Yes,Central,7.064
839.0,32.92,70.52,Peaty,Cotton,DAP,Yes,South,2.284
810.83,23.94,51.97,Silty,Sugarcane,NPK,No,West,70.508
827.41,38.23,65.76,Clay,Cotton,NPK,Yes,North,1.973
937.75,20.44,50.89,Silty,Sugarcane,Compost,Yes,East,64.794
974.31,22.43,46.78,Silty,Sugarcane,DAP,Yes,East,83.988
902.91,33.56,60.61,Peaty,Sugarcane,DAP,No,East,66.187
585.38,25.55,57.83,Sandy,Soybean,Compost,Yes,West,2.625
361.3,33.86,49.9,Clay,Sugarcane,NPK,No,North,59.138
764.37,24.67,62.94,Sandy,Sugarcane,DAP,Yes,Central,63.476
509.78,30.3,53.87,Silty,Rice,DAP,Yes,Central,5.652
467.76,23.54,57.51,Loamy,Wheat,DAP,Yes,North,4.256
540.83,26.62,46.66,Silty,Maize,Compost,Yes,North,6.884
802.89,20.6,75.17,Sandy,Wheat,Urea,No,East,3.004
583.92,26.76,58.53,Silty,Sugarcane,NPK,Yes,Central,89.691
381.2,22.61,60.24,Loamy,Rice,DAP,Yes,North,5.489
864.94,37.36,47.34,Peaty,Cotton,NPK,No,Central,1.63
763.7,25.4,51.91,Sandy,Rice,Compost,Yes,North,4.52
781.6,21.01,54.95,Silty,Sugarcane,Compost,Yes,South,73.53
1414.5,27.075,59.0,Sandy,Rice,Urea,No,East,2.057
409.89,20.96,61.11,Peaty,Rice,NPK,Yes,North,5.165
586.51,31.38,52.18,Silty,Sugarcane,Urea,No,West,77.283
623.94,24.21,40.4,Silty,Soybean,Urea,Yes,North,3.588
988.09,26.81,55.79,Sandy,Rice,Compost,Yes,South,3.93
602.15,26.05,43.06,Sandy,Maize,NPK,Yes,West,6.378
814.14,25.73,62.24,Loamy,Maize,Urea,No,West,7.559
559.76,27.31,59.45,Peaty,Rice,Urea,Yes,North,4.747
898.85,23.68,63.16,Loamy,Soybean,NPK,Yes,South,4.657
627.48,21.54,60.39,Silty,Cotton,NPK,No,West,2.568
908.42,27.19,75.75,Sandy,Sugarcane,Urea,Yes,East,62.649
843.96,25.01,60.05,Silty,Maize,Compost,No,East,6.407
579.93,20.61,48.02,Unknown,Cotton,DAP,Yes,Central,2.416
781.68,30.07,72.67,Clay,Rice,Compost,Yes,Central,4.428
900.11,26.92,56.4,Clay,Cotton,NPK,Yes,South,2.669
613.37,21.57,53.11,Silty,Wheat,Urea,Yes,West,3.902
914.35,25.81,58.86,Sandy,Maize,NPK,No,East,5.966
917.59,26.28,63.67,Silty,Rice,Compost,No,East,4.514
893.23,21.85,42.93,Clay,Sugarcane,Compost,No,South,65.002
631.38,42.81,52.83,Sandy,Soybean,NPK,No,West,1.646
899.84,26.96,60.36,Silty,Rice,None,Yes,South,4.466
483.31,25.9,36.19,Peaty,Sugarcane,Urea,No,North,53.578
899.38,39.18,44.36,Peaty,Soybean,Urea,No,East,2.229
904.26,29.28,51.42,Silty,Soybean,Urea,Yes,South,3.36
997.47,33.04,54.03,Sandy,Rice,None,Yes,South,3.679
473.71,27.47,49.82,Silty,Cotton,NPK,No,North,2.227
341.9,27.32,53.87,Silty,Cotton,Compost,Yes,Central,1.983
794.88,22.72,65.29,Clay,Soybean,Urea,No,East,3.091
1061.14,30.34,58.18,Unknown,Cotton,NPK,Yes,South,2.311
1149.06,36.24,60.09,Clay,Wheat,NPK,Yes,East,2.753
797.01,34.89,63.97,Clay,Soybean,NPK,Yes,Central,3.27
976.9,20.95,44.32,Silty,Soybean,DAP,Yes,South,3.551
702.66,36.3,68.24,Clay,Sugarcane,Urea,Yes,North,68.553
948.53,22.86,46.79,Peaty,Cotton,Compost,Yes,East,1.803
570.84,22.3,59.58,Clay,Soybean,NPK,Yes,North,3.904
584.24,22.57,58.44,Peaty,Wheat,Urea,No,Central,2.889
673.7,25.04,66.0,Clay,Sugarcane,Compost,Yes,Central,82.551
1284.44,17.34,59.97,Peaty,Rice,DAP,No,East,3.333
576.01,27.26,51.86,Clay,Soybean,NPK,Yes,Central,3.773
475.23,25.7,40.29,Clay,Wheat,Compost,No,West,2.581
970.95,27.21,58.93,Sandy,Maize,Urea,No,East,4.656
647.8399999999999,24.52,50.98,Peaty,Wheat,Compost,Yes,West,3.259
739.9,19.04,67.23,Peaty,Wheat,DAP,No,Central,3.268
1118.93,25.7,66.68,Peaty,Sugarcane,Urea,Yes,East,67.174
593.82,33.1,51.61,Loamy,Rice,NPK,Yes,West,5.916
1016.02,21.95,59.95,Unknown,Maize,Urea,No,Central,5.399
1084.6,22.61,58.02,Peaty,Cotton,DAP,Yes,South,2.032
785.47,29.27,53.8,Loamy,Cotton,Urea,Yes,South,2.894
538.14,26.975,51.42,Sandy,Wheat,Urea,Yes,North,2.666
979.26,28.13,75.1,Peaty,Sugarcane,DAP,No,South,65.897
525.66,29.22,53.73,Peaty,Sugarcane,Urea,No,West,60.643
590.3,24.18,43.52,Loamy,Cotton,Compost,Yes,South,2.643
1289.41,23.25,86.65,Clay,Maize,Urea,No,East,4.408
833.95,19.95,64.95,Sandy,Rice,NPK,No,East,4.139
1127.86,23.04,70.33,Peaty,Maize,Urea,No,East,5.15
1005.06,29.84,58.37,Clay,Soybean,Urea,Yes,South,3.249
777.62,31.19,61.93,Sandy,Soybean,DAP,No,South,2.489
843.99,27.32,59.31,Silty,Rice,NPK,No,North,6.288
709.69,23.93,43.32,Silty,Cotton,Compost,Yes,Central,2.257
570.67,27.37,55.04,Sandy,Rice,NPK,No,North,4.905
419.26,22.91,38.35,Loamy,Sugarcane,Urea,Yes,West,83.988
683.2,27.9,56.05,Sandy,Soybean,NPK,Yes,East,3.149
863.61,30.73,60.4,Sandy,Wheat,Urea,No,South,2.724
894.59,24.67,50.59,Loamy,Wheat,Urea,No,Central,4.1
420.73,22.98,49.36,Loamy,Cotton,Compost,Yes,Central,2.038
921.8,24.56,63.19,Clay,Sugarcane,DAP,Yes,South,82.352
562.24,32.44,47.14,Clay,Maize,None,No,North,4.952
886.15,40.96,61.38,Loamy,Sugarcane,Urea,No,Central,31.614
702.47,30.24,64.23,Silty,Wheat,None,No,North,3.218
921.04,26.63,65.16,Silty,Wheat,Compost,No,South,3.602
535.97,22.13,48.24,Sandy,Soybean,Compost,No,North,2.325
892.02,21.82,69.47,Peaty,Sugarcane,Urea,Yes,East,76.351
728.18,29.14,60.59,Sandy,Sugarcane,DAP,No,South,66.393
806.04,23.1,54.77,Sandy,Wheat,None,Yes,South,2.497
533.98,32.11,45.75,Peaty,Maize,DAP,No,Central,5.711
684.23,23.98,58.63,Loamy,Cotton,NPK,Yes,Central,3.094
694.79,34.12,62.58,Silty,Cotton,None,Yes,Central,2.017
958.8,24.95,68.25,Sandy,Sugarcane,DAP,No,East,58.914
1016.4,32.67,65.26,Peaty,Cotton,Compost,No,East,1.316
581.12,30.37,48.89,Clay,Wheat,NPK,No,West,3.078
1026.25,31.23,65.07,Sandy,Wheat,Urea,No,South,3.009
734.31,26.66,47.8,Silty,Sugarcane,Urea,Yes,Central,87.875
827.4,23.68,58.87,Loamy,Sugarcane,Compost,No,South,79.811
375.02,32.05,61.89,Sandy,Soybean,DAP,Yes,North,2.821
987.76,35.97,51.7,Sandy,Sugarcane,NPK,Yes,East,61.503
821.17,21.99,52.0,Peaty,Maize,Urea,Yes,West,5.529
638.42,29.38,60.34,Clay,Cotton,None,No,North,1.922
1013.73,29.36,53.26,Clay,Sugarcane,Urea,No,South,55.38
1108.61,27.83,74.45,Loamy,Rice,Compost,No,East,4.484
882.35,34.16,65.46,Silty,Soybean,Compost,Yes,Central,2.772
679.32,23.12,61.73,Loamy,Rice,Urea,Yes,North,6.582
1022.36,32.49,69.55,Sandy,Wheat,Urea,Yes,East,2.76
838.94,25.61,46.44,Sandy,Cotton,NPK,Yes,South,1.8
1031.4,15.32,51.97,Clay,Sugarcane,NPK,Yes,South,73.448
187.13,19.71,54.3,Silty,Rice,DAP,No,North,3.501
559.76,27.18,52.35,Peaty,Cotton,DAP,No,North,2.355
653.5,33.1,52.49,Silty,Wheat,DAP,Yes,North,3.677
895.79,32.41,63.58,Sandy,Maize,Urea,Yes,West,5.441
532.06,27.53,51.85,Peaty,Soybean,NPK,No,Central,2.773
1174.3,21.27,72.13,Silty,Cotton,NPK,No,East,1.988
999.53,20.96,57.89,Silty,Cotton,DAP,No,South,2.284
808.88,29.1,54.6,Peaty,Maize,None,Yes,South,5.518
679.55,26.79,52.83,Sandy,Cotton,Urea,Yes,Central,2.097
519.06,31.85,52.45,Silty,Wheat,NPK,No,North,3.288
495.25,25.34,53.02,Peaty,Wheat,DAP,Yes,North,3.293
697.7,23.14,60.39,Sandy,Maize,DAP,No,South,5.777
876.15,25.61,58.85,Peaty,Soybean,Compost,Yes,Central,3.053
758.05,26.93,54.48,Peaty,Sugarcane,DAP,Yes,South,74.386
392.54,16.84,46.41,Silty,Rice,NPK,No,North,4.429
1179.87,29.36,60.14,Sandy,Sugarcane,NPK,Yes,East,55.87
339.59,27.71,59.63,Silty,Cotton,DAP,No,North,1.883
954.6,31.74,52.11,Loamy,Rice,NPK,Yes,East,5.427
500.86,30.9,39.93,Loamy,Maize,DAP,No,West,5.481
945.51,32.42,66.04,Sandy,Maize,NPK,Yes,Central,5.763
821.56,35.4,60.28,Peaty,Soybean,Urea,Yes,West,2.309
426.75,27.7,65.05,Silty,Rice,Urea,Yes,North,5.229
550.44,15.97,50.34,Silty,Wheat,DAP,No,Central,3.236
665.09,31.31,53.07,Sandy,Rice,Compost,No,North,4.144
765.0,33.0,48.71,Sandy,Cotton,Compost,Yes,Central,1.86
646.89,25.86,53.74,Loamy,Wheat,DAP,Yes,Central,4.575
483.02,16.92,51.495000000000005,Clay,Maize,Urea,No,North,4.594
514.92,32.2,35.2,Sandy,Rice,DAP,No,North,3.195
835.29,26.9,52.36,Clay,Sugarcane,NPK,No,Central,82.111
935.61,20.33,59.24,Sandy,Soybean,NPK,No,Central,2.973
823.41,25.66,51.77,Peaty,Sugarcane,Urea,Yes,North,72.816
439.83,26.98,44.17,Peaty,Soybean,Urea,Yes,North,2.833
908.7,25.66,46.11,Loamy,Cotton,NPK,Yes,South,2.851
1101.53,24.47,67.08,Loamy,Sugarcane,Urea,No,South,80.63
769.41,31.76,49.69,Clay,Rice,Urea,Yes,South,4.947
547.69,33.76,64.23,Sandy,Rice,Urea,Yes,West,3.249
819.53,36.66,55.84,Silty,Sugarcane,DAP,No,Central,65.329
929.7,21.98,50.18,Loamy,Rice,Compost,Yes,East,5.248
428.69,33.5,30.13,Silty,Cotton,Compost,No,West,1.554
575.96,27.95,41.69,Silty,Wheat,DAP,No,Central,3.491
1148.54,28.88,62.46,Sandy,Cotton,NPK,No,East,2.05
937.36,33.07,39.74,Clay,Soybean,Urea,Yes,South,2.723
765.66,26.75,48.97,Sandy,Cotton,NPK,Yes,East,2.409
458.66,26.09,44.92,Loamy,Soybean,Compost,No,North,3.043
823.41,23.53,50.55,Silty,Rice,Compost,Yes,North,5.859
689.58,21.17,49.12,Sandy,Wheat,Urea,Yes,Central,2.307
613.49,23.84,48.55,Sandy,Rice,Urea,No,West,3.995
901.23,27.86,51.74,Sandy,Maize,Compost,Yes,South,5.169
730.77,26.75,66.37,Loamy,Rice,Compost,No,Central,5.755
841.38,25.1,51.89,Clay,Soybean,Urea,No,South,2.842
751.08,25.25,34.0,Sandy,Rice,None,Yes,North,3.607
647.8399999999999,32.26,38.5,Loamy,Rice,None,Yes,West,4.794
799.07,27.88,60.8,Silty,Wheat,Compost,Yes,West,3.61
823.37,22.03,60.07,Peaty,Rice,None,Yes,North,4.017
1056.66,27.29,56.93,Loamy,Wheat,Urea,No,East,3.626
492.85,30.08,38.57,Peaty,Sugarcane,Urea,Yes,West,67.204
1028.24,31.78,66.26,Sandy,Maize,Urea,Yes,East,5.142
815.44,29.82,43.61,Sandy,Wheat,Compost,No,South,2.148
784.71,31.24,58.68,Loamy,Soybean,Urea,Yes,West,4.392
581.09,29.53,48.19,Peaty,Sugarcane,None,Yes,North,46.674
982.14,16.97,60.05,Sandy,Wheat,Urea,No,East,2.728
748.75,26.2,50.92,Silty,Wheat,DAP,Yes,South,3.884
620.86,26.55,64.1,Clay,Maize,NPK,No,South,8.056
528.27,37.2,35.81,Clay,Soybean,Urea,No,West,2.125
747.66,30.8,59.56,Sandy,Cotton,Urea,No,West,2.051
877.42,25.55,54.78,Peaty,Cotton,Compost,No,Central,2.074
653.48,23.14,47.44,Sandy,Wheat,DAP,Yes,Central,2.699
508.3,25.28,60.21,Peaty,Rice,Urea,No,West,4.644
728.46,22.96,46.43,Silty,Soybean,DAP,No,Central,3.479
653.28,37.9,54.94,Peaty,Sugarcane,Compost,Yes,North,55.905
666.58,26.92,54.31,Sandy,Rice,None,Yes,North,4.421
729.18,31.12,44.74,Silty,Rice,NPK,No,Central,5.487
960.54,29.58,65.82,Loamy,Soybean,DAP,Yes,West,3.945
740.33,30.29,70.98,Clay,Wheat,DAP,No,North,3.185
716.58,22.6,67.29,Sandy,Wheat,Compost,No,South,2.342
429.88,33.69,51.77,Sandy,Wheat,None,Yes,West,1.899
830.45,26.56,54.78,Sandy,Wheat,Urea,Yes,East,3.035
1175.25,34.5,70.04,Silty,Cotton,DAP,Yes,East,1.693
393.61,29.13,55.62,Loamy,Wheat,NPK,Yes,West,3.754
768.63,27.005000000000003,56.1,Peaty,Cotton,None,Yes,Central,1.401
524.5,30.0,31.37,Loamy,Cotton,Urea,No,North,1.973
559.76,26.07,34.82,Silty,Wheat,Urea,No,North,2.462
687.33,34.03,57.42,Sandy,Maize,Urea,No,West,5.828
873.53,27.69,60.07,Clay,Sugarcane,Urea,No,South,64.999
821.04,29.69,52.73,Sandy,Rice,Compost,Yes,Central,4.522
655.95,27.45,55.32,Peaty,Cotton,NPK,No,South,2.242
647.8399999999999,24.3,38.6,Clay,Soybean,Compost,Yes,West,3.042
518.97,26.2,48.95,Sandy,Soybean,Urea,Yes,West,2.862
999.25,30.56,57.3,Clay,Sugarcane,Urea,Yes,South,74.534
964.35,31.86,43.57,Loamy,Soybean,Urea,Yes,East,3.202
827.12,16.9,57.24,Silty,Maize,DAP,Yes,West,6.748
640.18,28.6,40.6,Sandy,Soybean,NPK,Yes,Central,2.612
933.1,26.61,65.67,Peaty,Rice,Urea,Yes,South,4.619
1222.64,20.15,67.13,Loamy,Rice,Urea,No,East,3.72
634.06,31.29,47.34,Sandy,Cotton,DAP,Yes,South,2.316
1004.35,36.03,51.94,Loamy,Wheat,DAP,No,East,3.199
995.26,34.41,48.77,Peaty,Maize,Compost,Yes,East,4.77
581.82,15.33,47.83,Sandy,Cotton,NPK,Yes,Central,2.199
625.42,28.62,58.69,Peaty,Maize,Urea,Yes,West,6.003
1046.83,23.75,58.23,Clay,Wheat,NPK,Yes,East,3.936
538.06,24.76,49.38,Peaty,Soybean,DAP,No,West,2.94
708.31,25.74,45.32,Clay,Soybean,DAP,Yes,Central,3.392
497.04,15.89,45.9,Sandy,Wheat,None,Yes,West,2.354
519.35,16.71,48.58,Clay,Cotton,Urea,Yes,North,2.262
1139.31,27.43,63.78,Sandy,Wheat,Compost,Yes,East,2.099
846.32,28.24,55.52,Sandy,Sugarcane,DAP,No,Central,69.099
1075.92,26.02,65.11,Silty,Rice,Compost,Yes,South,4.846
684.75,20.76,58.93,Sandy,Cotton,NPK,Yes,Central,2.395
950.99,24.98,71.25,Clay,Maize,NPK,Yes,East,6.812
810.69,34.23,57.97,Silty,Sugarcane,NPK,Yes,Central,75.603
1075.03,25.19,64.87,Silty,Cotton,Compost,Yes,South,1.971
562.52,24.49,47.07,Sandy,Wheat,Urea,Yes,North,2.999
1226.82,33.18,76.85,Peaty,Wheat,NPK,Yes,East,2.701
1106.59,25.92,58.37,Peaty,Wheat,NPK,No,East,3.16
614.35,30.4,57.1,Silty,Wheat,Urea,No,Central,3.501
582.5,29.3,47.71,Sandy,Maize,DAP,Yes,West,6.195
643.93,22.54,51.72,Peaty,Sugarcane,NPK,Yes,West,82.161
664.43,22.05,53.45,Sandy,Soybean,Compost,Yes,South,3.254
466.98,20.26,33.71,Sandy,Rice,DAP,No,North,3.735
721.12,21.95,56.01,Silty,Maize,NPK,Yes,North,7.4
901.77,31.13,57.39,Silty,Maize,Urea,No,Central,5.612
742.9,22.89,49.47,Loamy,Soybean,Urea,Yes,Central,3.996
718.16,26.31,46.33,Unknown,Soybean,NPK,Yes,West,3.462
503.51,25.59,44.94,Peaty,Rice,DAP,No,North,4.089
453.98,28.9,40.58,Peaty,Rice,NPK,Yes,North,5.037
635.55,20.18,48.71,Clay,Soybean,Urea,Yes,North,3.149
834.03,32.49,51.32,Sandy,Wheat,DAP,Yes,South,2.914
1153.55,34.18,60.28,Silty,Maize,Urea,Yes,South,5.666
761.29,26.87,61.32,Peaty,Cotton,None,No,Central,1.897
716.79,15.8,47.06,Loamy,Rice,DAP,No,West,5.455
841.07,22.7,52.15,Peaty,Rice,DAP,Yes,East,5.945
302.21,28.58,46.98,Sandy,Soybean,Urea,Yes,West,2.526
966.77,28.86,51.49,Sandy,Sugarcane,Urea,Yes,South,65.097
825.46,25.71,62.61,Silty,Cotton,DAP,No,South,2.598
847.6,32.5,49.23,Clay,Cotton,Urea,Yes,Central,2.352
863.09,24.12,58.34,Silty,Rice,Compost,Yes,East,5.993
470.32,31.92,57.9,Peaty,Wheat,Compost,Yes,North,2.829
1167.92,27.01,55.49,Loamy,Sugarcane,NPK,Yes,East,72.219
1065.52,24.17,54.91,Silty,Cotton,NPK,No,East,2.202
849.8,30.66,53.39,Clay,Rice,DAP,No,East,4.914
705.1,26.78,54.26,Silty,Cotton,Urea,Yes,Central,2.467
1185.56,31.44,62.67,Sandy,Sugarcane,NPK,No,South,56.251
571.54,41.53,51.29,Peaty,Sugarcane,NPK,Yes,North,40.11
977.79,22.33,63.61,Peaty,Maize,Urea,Yes,East,6.872
684.28,31.4,52.19,Peaty,Soybean,None,Yes,North,2.241
1052.84,30.19,49.33,Peaty,Soybean,Urea,Yes,East,2.594
1116.55,35.9,72.52,Peaty,Rice,Urea,No,South,3.144
663.26,31.57,56.72,Peaty,Sugarcane,Urea,No,North,72.687
785.98,34.86,45.53,Loamy,Maize,None,Yes,West,5.272
1123.85,22.08,61.0,Clay,Maize,Compost,Yes,South,4.709
505.14,20.62,56.39,Peaty,Cotton,NPK,Yes,North,2.426
910.19,22.3,50.94,Clay,Cotton,Urea,No,East,2.152
798.14,26.22,63.36,Peaty,Maize,Compost,No,East,5.82
868.37,33.91,49.62,Silty,Cotton,DAP,Yes,South,2.125
703.71,35.03,57.51,Peaty,Sugarcane,NPK,No,South,69.772
1054.82,25.18,40.6,Sandy,Wheat,Urea,No,East,2.512
457.98,26.44,56.71,Loamy,Sugarcane,Urea,Yes,North,94.696
794.35,21.14,40.79,Silty,Maize,Urea,Yes,West,6.613
816.8,27.36,65.87,Silty,Maize,NPK,No,Central,7.288
841.56,26.01,47.51,Sandy,Sugarcane,Compost,Yes,South,62.632
1146.44,26.02,78.0,Peaty,Cotton,DAP,Yes,East,2.142
572.39,32.9,52.27,Loamy,Cotton,DAP,Yes,North,2.694
634.31,29.02,60.82,Silty,Soybean,None,Yes,South,2.954
401.71,20.46,46.54,Loamy,Maize,NPK,No,North,7.567
791.38,14.25,43.65,Silty,Rice,NPK,Yes,South,4.881
1001.54,29.76,52.55,Peaty,Soybean,DAP,Yes,East,2.877
485.64,28.16,53.44,Silty,Cotton,Urea,Yes,North,2.647
920.65,28.89,81.62,Silty,Sugarcane,None,No,East,59.653
637.15,28.16,64.28,Clay,Cotton,DAP,Yes,North,2.362
1018.04,21.28,61.07,Peaty,Sugarcane,DAP,Yes,South,77.268
607.22,26.05,59.7,Sandy,Soybean,Compost,Yes,Central,3.33
572.54,25.47,53.19,Sandy,Maize,None,No,Central,3.655
839.63,26.59,54.94,Peaty,Cotton,DAP,No,West,2.403
1058.91,31.39,61.64,Sandy,Sugarcane,Compost,No,West,47.237
858.71,24.11,52.63,Peaty,Maize,NPK,Yes,East,5.98
683.67,21.22,54.23,Sandy,Rice,DAP,No,North,4.689
629.15,33.7,55.46,Clay,Sugarcane,Urea,Yes,West,61.333
1001.4,23.35,59.49,Sandy,Soybean,None,No,South,1.856
557.06,32.76,47.31,Silty,Rice,None,Yes,Central,4.2
362.24,37.76,42.98,Peaty,Rice,NPK,No,North,3.281
531.59,34.54,48.4,Loamy,Wheat,NPK,Yes,Central,4.053
465.38,30.32,50.17,Loamy,Cotton,DAP,No,North,2.217
614.79,26.01,48.37,Peaty,Sugarcane,None,No,West,61.519
791.77,31.57,60.01,Clay,Rice,DAP,Yes,West,5.337
874.98,26.89,44.4,Sandy,Wheat,NPK,No,East,2.805
454.33,34.08,50.73,Clay,Soybean,None,Yes,North,2.402
1212.08,30.19,72.0,Loamy,Maize,Compost,No,South,5.676
658.01,28.89,67.29,Peaty,Sugarcane,NPK,No,West,73.039
1042.8,27.25,60.23,Peaty,Rice,NPK,No,East,4.487
761.8,24.53,60.41,Clay,Cotton,Urea,Yes,West,2.409
621.42,26.99,54.07,Clay,Wheat,NPK,Yes,Central,3.556
647.25,28.46,61.06,Sandy,Rice,Urea,No,West,4.459
501.63,25.72,48.06,Silty,Cotton,Compost,No,North,1.843
987.54,28.49,63.67,Silty,Rice,Urea,Yes,East,5.716
676.49,31.93,36.15,Sandy,Sugarcane,DAP,Yes,North,61.289
1001.2,28.39,67.89,Silty,Sugarcane,NPK,Yes,South,88.621
557.66,24.33,52.11,Loamy,Sugarcane,None,No,South,67.485
799.68,13.22,50.38,Silty,Soybean,DAP,No,West,2.771
948.14,33.07,61.11,Sandy,Soybean,Compost,Yes,East,2.205
1059.22,26.45,72.43,Silty,Wheat,Compost,Yes,East,3.361
938.87,28.0,51.05,Peaty,Sugarcane,None,Yes,East,54.725
992.23,29.72,52.63,Clay,Cotton,Compost,Yes,East,2.137
847.29,29.73,43.86,Loamy,Rice,NPK,No,West,5.804
600.41,30.79,44.8,Peaty,Maize,None,Yes,North,5.329
839.63,32.04,52.18,Peaty,Cotton,DAP,No,West,1.955
542.35,30.78,49.22,Sandy,Soybean,None,No,North,1.709
676.76,11.41,53.87,Clay,Soybean,None,Yes,Central,1.945
701.83,28.96,42.76,Clay,Cotton,None,Yes,Central,2.28
359.58,28.27,49.68,Loamy,Soybean,DAP,No,North,3.274
246.35,25.74,46.9,Sandy,Sugarcane,DAP,Yes,West,53.665
782.89,29.4,57.46,Loamy,Wheat,NPK,No,South,4.174
804.09,27.1,49.05,Silty,Rice,DAP,Yes,West,5.723
1113.08,24.16,77.62,Peaty,Wheat,Compost,No,South,2.331
349.65,33.18,52.03,Loamy,Rice,Urea,Yes,West,4.965
1193.0,28.74,53.12,Peaty,Rice,Urea,Yes,East,3.821
911.15,27.86,45.45,Sandy,Wheat,DAP,Yes,East,2.837
486.04,16.58,43.23,Silty,Cotton,Compost,No,Central,1.649
700.96,37.64,57.88,Sandy,Rice,DAP,No,Central,3.411
474.18,17.68,61.03,Silty,Wheat,Compost,Yes,North,3.177
1292.33,29.62,60.42,Silty,Rice,Compost,Yes,South,3.466
899.01,30.56,45.57,Peaty,Maize,NPK,Yes,East,6.029
608.55,35.22,54.47,Sandy,Cotton,Compost,Yes,West,1.784
403.53,22.19,44.3,Sandy,Sugarcane,DAP,No,North,51.106
672.49,22.96,54.31,Loamy,Rice,DAP,Yes,West,6.79
1119.56,31.0,61.07,Sandy,Maize,Urea,No,East,4.254
740.46,30.25,52.63,Loamy,Sugarcane,Compost,No,East,66.154
1098.37,35.51,70.16,Clay,Sugarcane,Compost,Yes,East,50.659
938.7,32.44,63.47,Clay,Rice,Compost,No,East,4.374
520.86,25.31,52.12,Clay,Wheat,DAP,Yes,West,3.539
339.82,26.44,29.55,Sandy,Rice,NPK,Yes,North,4.154
1146.79,29.62,60.9,Sandy,Maize,Urea,No,East,4.644
743.0,19.36,61.76,Loamy,Sugarcane,None,Yes,Central,84.532
462.69,29.81,41.45,Silty,Rice,Urea,Yes,North,5.565
816.92,30.17,54.5,Loamy,Wheat,None,No,Central,3.204
729.47,22.95,54.14,Clay,Rice,Compost,No,West,4.953
1130.18,25.94,64.4,Loamy,Cotton,DAP,Yes,East,2.43
796.09,17.09,52.63,Silty,Wheat,DAP,No,North,3.001
1032.63,31.64,63.97,Sandy,Maize,Urea,Yes,East,5.595
1289.86,29.09,68.83,Loamy,Sugarcane,DAP,No,East,64.614
764.14,20.47,47.94,Clay,Rice,Urea,Yes,North,4.659
1117.52,21.7,56.02,Clay,Wheat,NPK,No,East,3.036
746.32,24.83,56.29,Sandy,Cotton,DAP,No,East,2.292
916.47,31.25,70.03,Loamy,Wheat,NPK,Yes,South,4.243
936.95,29.52,66.74,Silty,Soybean,Urea,No,South,3.012
582.34,22.89,47.1,Sandy,Cotton,None,No,North,1.636
533.53,24.03,44.23,Loamy,Maize,Compost,No,North,6.259
1096.91,27.26,58.89,Peaty,Sugarcane,Urea,Yes,East,71.65
816.87,23.0,68.61,Clay,Maize,DAP,Yes,Central,6.997
299.17,24.4,45.85,Silty,Rice,Urea,No,North,3.296
993.96,30.46,65.52,Silty,Wheat,Urea,Yes,East,3.288
478.53,20.87,42.97,Silty,Soybean,Compost,No,Central,2.462
839.12,26.29,56.97,Unknown,Cotton,NPK,Yes,South,2.573
416.86,25.92,36.18,Loamy,Cotton,None,Yes,North,2.159
891.74,26.79,46.74,Sandy,Wheat,Compost,Yes,East,3.401
1062.98,28.32,61.89,Loamy,Soybean,None,No,South,2.695
668.24,30.07,52.18,Sandy,Wheat,None,No,West,2.3
1002.39,30.92,56.7,Silty,Rice,NPK,Yes,South,5.203
1094.8,25.28,64.44,Loamy,Maize,Compost,No,East,5.883
412.74,26.24,37.91,Silty,Cotton,Urea,Yes,Central,2.417
566.34,28.75,48.54,Peaty,Rice,Urea,No,West,4.587
762.29,27.9,50.13,Silty,Maize,Compost,Yes,West,7.536
748.53,29.85,54.27,Silty,Rice,DAP,No,West,4.954
286.5,29.25,43.29,Sandy,Soybean,Urea,Yes,North,2.087
1154.5,22.88,81.21,Peaty,Cotton,Compost,No,East,1.472
742.41,36.37,47.22,Silty,Wheat,Urea,Yes,West,2.949
755.58,27.02,55.07,Silty,Wheat,NPK,Yes,South,4.518
761.29,30.5,77.52,Peaty,Maize,Urea,Yes,Central,6.012
965.63,30.05,64.2,Peaty,Sugarcane,Compost,No,East,54.319
973.79,28.36,59.16,Loamy,Soybean,NPK,Yes,South,4.055
279.96,28.31,52.13,Sandy,Maize,Urea,No,North,3.649
597.11,31.64,56.99,Peaty,Sugarcane,Compost,Yes,West,61.972
1077.11,25.96,52.71,Peaty,Rice,NPK,Yes,South,5.376
1080.82,30.88,49.22,Clay,Soybean,DAP,Yes,East,3.128
1018.75,29.51,61.15,Peaty,Rice,Urea,No,South,4.73
514.97,32.88,46.46,Sandy,Cotton,DAP,No,North,1.545
784.65,24.52,73.88,Silty,Soybean,Compost,No,Central,3.136
625.54,27.42,61.46,Silty,Sugarcane,Compost,No,West,77.312
861.27,22.72,66.18,Silty,Cotton,Urea,Yes,East,2.744
612.18,32.55,33.28,Silty,Wheat,Compost,No,West,2.594
868.11,23.3,52.64,Clay,Sugarcane,DAP,Yes,West,86.029
819.85,28.66,56.31,Peaty,Maize,NPK,No,West,5.469
751.17,24.73,49.14,Silty,Wheat,DAP,Yes,South,3.898
837.4,32.71,51.75,Loamy,Wheat,NPK,No,South,4.335
561.36,26.71,49.17,Silty,Maize,DAP,Yes,Central,7.217
576.93,30.26,52.53,Peaty,Soybean,NPK,Yes,North,3.308
1149.59,21.58,84.64,Silty,Wheat,Compost,Yes,East,2.916
1204.77,23.84,58.72,Clay,Sugarcane,Compost,Yes,South,50.405
435.88,30.04,55.48,Sandy,Cotton,DAP,Yes,West,1.671
678.75,33.45,65.28,Sandy,Wheat,NPK,No,North,3.649
998.85,29.63,52.02,Peaty,Sugarcane,DAP,No,East,60.308
944.93,38.91,75.0,Sandy,Rice,Compost,Yes,East,3.048
859.71,30.96,59.08,Sandy,Sugarcane,Compost,Yes,East,62.652
1266.98,27.08,45.38,Loamy,Cotton,NPK,Yes,East,2.114
455.67,25.4,58.89,Peaty,Sugarcane,NPK,No,Central,66.442
926.54,36.09,45.59,Peaty,Maize,DAP,Yes,East,3.911
605.09,31.04,63.77,Sandy,Cotton,NPK,Yes,North,2.179
967.99,24.42,67.15,Sandy,Soybean,Compost,Yes,South,2.689
559.76,23.71,46.42,Sandy,Rice,None,Yes,North,3.903
517.9,23.68,47.24,Clay,Maize,NPK,Yes,West,7.642
793.66,29.56,61.35,Silty,Soybean,Compost,Yes,Central,3.391
690.56,19.41,49.37,Clay,Sugarcane,DAP,Yes,Central,78.744
656.03,24.45,67.04,Peaty,Cotton,NPK,Yes,West,2.485
481.06,28.49,56.94,Loamy,Rice,Compost,Yes,North,5.498
574.28,27.14,39.53,Silty,Maize,None,No,North,5.762
628.64,24.73,51.17,Loamy,Soybean,Urea,Yes,West,3.793
946.56,30.47,63.09,Peaty,Soybean,Urea,Yes,East,2.937
921.22,30.45,52.19,Peaty,Rice,Urea,Yes,East,5.217
955.87,25.92,67.85,Loamy,Sugarcane,Compost,No,South,88.674
350.37,24.34,51.92,Loamy,Rice,None,No,North,4.192
521.15,31.32,56.17,Loamy,Soybean,Urea,No,North,3.442
534.84,26.21,48.18,Unknown,Wheat,NPK,Yes,West,3.398
631.56,27.07,44.48,Sandy,Maize,NPK,Yes,West,6.517
983.47,30.91,69.41,Loamy,Rice,NPK,Yes,East,6.004
680.03,21.5,67.68,Silty,Soybean,DAP,Yes,North,3.923
648.85,24.41,61.24,Peaty,Sugarcane,NPK,Yes,North,83.26
743.77,25.7,62.0,Clay,Soybean,Urea,No,Central,3.085
925.91,36.54,59.02,Clay,Sugarcane,NPK,No,South,54.359
871.37,20.74,51.76,Silty,Rice,DAP,Yes,South,5.752
968.6,27.2,65.3,Sandy,Sugarcane,Compost,Yes,East,62.722
287.82,22.57,40.74,Loamy,Cotton,NPK,Yes,North,2.03
810.06,38.55,64.22,Peaty,Cotton,DAP,Yes,Central,1.672
589.98,28.33,53.98,Loamy,Cotton,Urea,No,North,2.48
830.06,22.23,44.79,Peaty,Wheat,NPK,Yes,West,3.78
916.82,18.77,58.78,Clay,Rice,Compost,No,East,4.14
1089.06,30.06,51.84,Loamy,Soybean,Compost,Yes,South,3.177
521.23,27.97,39.3,Silty,Soybean,DAP,Yes,North,3.474
914.03,30.18,40.56,Sandy,Wheat,Urea,Yes,East,3.029
1131.82,21.97,51.85,Silty,Sugarcane,DAP,No,South,64.154
604.58,36.34,42.58,Sandy,Wheat,Urea,Yes,North,2.468
950.65,27.41,69.18,Loamy,Sugarcane,None,Yes,Central,77.722
1025.57,29.12,65.1,Loamy,Sugarcane,Urea,Yes,East,76.798
671.11,30.12,69.42,Sandy,Maize,DAP,Yes,North,6.003
1054.31,27.51,59.53,Clay,Soybean,Urea,Yes,South,3.246
857.79,33.53,46.8,Peaty,Cotton,Urea,Yes,South,1.898
751.91,24.35,54.97,Silty,Sugarcane,NPK,No,Central,88.252
1023.13,32.11,57.06,Silty,Maize,Compost,No,East,5.311
1124.85,33.67,65.88,Silty,Soybean,Urea,Yes,East,3.047
390.2,32.18,36.41,Loamy,Cotton,Urea,No,North,1.865
990.17,34.17,60.18,Silty,Sugarcane,Urea,Yes,South,72.274
1038.07,23.35,71.54,Peaty,Sugarcane,NPK,No,South,69.674
597.57,29.48,62.86,Peaty,Wheat,Compost,Yes,Central,3.152
567.78,29.09,60.87,Sandy,Wheat,Urea,Yes,Central,3.244
751.26,27.37,59.43,Loamy,Soybean,Compost,Yes,East,3.709
1211.77,30.13,71.76,Peaty,Cotton,NPK,No,South,1.95
440.25,33.04,48.5,Clay,Sugarcane,NPK,Yes,North,79.203
862.69,23.39,60.62,Loamy,Soybean,None,Yes,West,3.41
518.8,20.96,49.35,Loamy,Soybean,DAP,Yes,North,3.693
864.73,25.97,52.92,Peaty,Rice,Urea,Yes,Central,5.267
637.14,14.58,54.8,Clay,Wheat,Urea,No,North,2.422
1215.32,26.65,77.91,Sandy,Cotton,NPK,Yes,South,1.657
1216.87,34.15,66.57,Peaty,Sugarcane,None,No,East,27.873
681.97,19.88,57.5,Clay,Soybean,Compost,Yes,West,3.004
1046.48,24.91,67.15,Loamy,Sugarcane,DAP,Yes,East,81.975
751.87,21.32,57.62,Clay,Rice,DAP,No,West,4.704
1052.2,28.98,59.28,Loamy,Cotton,DAP,No,West,2.353
910.16,30.18,64.45,Peaty,Soybean,DAP,Yes,South,3.145
706.1,27.11,48.26,Peaty,Sugarcane,Compost,Yes,South,74.011
736.71,23.58,64.15,Silty,Wheat,Urea,No,Central,3.761
603.9,27.95,62.16,Silty,Rice,DAP,Yes,Central,6.613
681.69,33.19,53.26,Silty,Cotton,NPK,No,West,2.448
872.67,31.45,52.16,Peaty,Rice,Urea,Yes,Central,5.674
975.61,24.97,76.59,Sandy,Wheat,Urea,No,South,2.503
611.02,25.38,53.87,Peaty,Cotton,DAP,Yes,Central,2.526
619.57,25.24,50.03,Clay,Rice,NPK,Yes,West,5.354
840.07,29.45,40.73,Peaty,Maize,NPK,Yes,East,6.87
741.34,20.09,65.83,Peaty,Wheat,Urea,No,North,3.256
823.09,29.71,44.98,Loamy,Wheat,Compost,No,Central,3.393
736.75,24.29,57.89,Loamy,Wheat,DAP,Yes,South,4.497
1378.15,25.68,70.0,Loamy,Maize,Compost,Yes,East,3.609
867.46,23.35,56.72,Peaty,Maize,NPK,Yes,South,6.668
744.33,30.66,50.55,Sandy,Sugarcane,NPK,Yes,Central,75.57
599.37,24.04,55.51,Clay,Soybean,Compost,Yes,West,2.893
613.01,22.2,66.2,Clay,Rice,None,Yes,North,4.768
564.11,24.1,49.26,Sandy,Sugarcane,None,Yes,North,55.126
790.36,21.59,42.56,Sandy,Rice,NPK,Yes,East,4.898
726.03,31.31,40.03,Clay,Soybean,Compost,No,North,2.447
525.78,21.49,49.01,Unknown,Maize,DAP,Yes,West,7.133
1037.57,26.78,57.1,Loamy,Soybean,DAP,Yes,South,3.88
615.22,23.75,50.94,Loamy,Maize,Urea,Yes,West,8.699
1009.5,34.84,62.48,Clay,Soybean,Urea,No,East,2.732
1072.32,29.11,57.58,Sandy,Sugarcane,NPK,No,East,66.299
570.59,23.85,73.49,Silty,Cotton,Compost,No,North,2.116
761.57,27.86,58.29,Clay,Sugarcane,None,Yes,West,63.942
793.77,27.19,63.09,Loamy,Rice,Urea,Yes,South,6.44
805.53,30.36,54.86,Peaty,Sugarcane,Urea,No,West,69.135
745.42,27.84,53.71,Sandy,Wheat,NPK,Yes,South,3.421
763.07,29.09,50.51,Peaty,Rice,DAP,Yes,South,5.718
736.85,22.23,55.34,Clay,Soybean,Urea,No,West,2.986
857.43,20.08,44.96,Loamy,Rice,None,Yes,Central,4.475
692.57,18.68,41.0,Silty,Cotton,NPK,Yes,West,2.725
1123.83,27.19,57.52,Peaty,Maize,DAP,Yes,South,5.369
874.96,27.05,49.93,Silty,Soybean,NPK,Yes,East,3.772
825.2,36.61,51.55,Loamy,Rice,NPK,Yes,East,4.873
675.74,25.0,50.82,Peaty,Soybean,NPK,Yes,North,3.801
1018.35,24.11,58.05,Silty,Soybean,NPK,No,East,3.991
820.92,26.73,62.92,Silty,Soybean,Urea,Yes,Central,3.843
745.8,23.07,61.1,Peaty,Maize,Compost,Yes,South,5.94
583.52,20.59,51.44,Loamy,Sugarcane,Urea,Yes,West,89.322
911.42,23.73,74.11,Silty,Soybean,Urea,No,West,3.47
669.85,25.87,49.66,Unknown,Wheat,None,Yes,Central,3.178
1213.98,36.3,70.94,Peaty,Cotton,Compost,No,East,1.054
1016.52,24.56,64.38,Sandy,Maize,NPK,No,South,5.388
957.18,27.97,57.41,Sandy,Rice,NPK,No,East,4.37
761.76,20.14,54.2,Loamy,Maize,None,Yes,North,6.635
1048.95,30.47,57.45,Clay,Rice,NPK,No,East,4.801
552.03,23.3,57.11,Silty,Maize,Compost,Yes,North,7.33
638.02,21.35,62.75,Sandy,Rice,DAP,Yes,West,5.116
965.82,21.86,59.61,Loamy,Soybean,Urea,Yes,South,3.875
380.75,23.79,32.68,Clay,Sugarcane,DAP,No,North,54.907
1134.85,21.22,67.07,Clay,Rice,DAP,Yes,East,3.947
1066.21,28.46,59.89,Loamy,Rice,Compost,No,East,5.406
564.32,21.58,42.85,Loamy,Wheat,NPK,Yes,West,4.26
509.73,30.23,50.8,Silty,Rice,None,Yes,Central,4.72
662.4,24.46,50.46,Loamy,Wheat,NPK,No,Central,4.387
1037.53,22.42,51.98,Silty,Cotton,Compost,Yes,East,2.228
723.4,23.58,52.7,Silty,Soybean,DAP,No,Central,3.089
922.47,21.92,69.74,Peaty,Wheat,Urea,No,South,3.043
801.07,27.11,57.16,Clay,Sugarcane,DAP,Yes,Central,79.484
727.4,24.27,54.75,Clay,Soybean,NPK,Yes,South,3.654
990.19,32.56,63.38,Clay,Wheat,Urea,Yes,East,3.086
1044.68,15.47,62.78,Peaty,Soybean,NPK,Yes,East,2.84
1069.11,32.84,59.14,Silty,Soybean,Compost,Yes,East,3.177
784.83,23.64,57.26,Silty,Soybean,Urea,Yes,West,3.857
669.48,35.0,54.06,Loamy,Cotton,DAP,No,Central,2.35
558.0,27.6,33.98,Peaty,Sugarcane,Compost,Yes,North,60.627
438.77,33.0,53.01,Unknown,Maize,DAP,No,North,6.563
1058.24,26.62,61.52,Peaty,Maize,NPK,Yes,East,6.341
569.43,26.31,55.72,Loamy,Wheat,NPK,Yes,Central,4.516
986.06,22.26,59.57,Sandy,Soybean,Compost,Yes,South,2.21
727.17,26.54,51.74,Clay,Wheat,NPK,No,North,3.821
1070.24,22.0,53.78,Clay,Cotton,Compost,Yes,East,2.111
742.49,27.94,56.14,Silty,Cotton,None,No,North,2.18
481.98,27.81,50.9,Sandy,Rice,Urea,Yes,North,4.103
370.19,26.39,58.2,Clay,Cotton,NPK,Yes,North,2.556
975.73,33.18,55.65,Silty,Rice,DAP,Yes,East,5.01
907.89,29.49,66.77,Sandy,Sugarcane,DAP,Yes,East,62.309
575.99,22.4,57.88,Clay,Wheat,Urea,Yes,West,4.17
316.73,29.84,40.18,Loamy,Sugarcane,Compost,No,West,63.565
676.34,31.76,42.46,Peaty,Cotton,Urea,No,West,1.984
553.23,15.03,59.18,Sandy,Sugarcane,Urea,No,North,54.495
826.46,21.59,60.2,Silty,Sugarcane,None,No,Central,73.937
1082.96,24.65,68.22,Sandy,Sugarcane,NPK,No,East,60.807
623.7,22.93,53.66,Silty,Cotton,NPK,No,West,2.988
836.93,30.19,48.56,Sandy,Soybean,NPK,Yes,Central,3.114
647.8399999999999,22.57,57.1,Silty,Sugarcane,None,Yes,West,78.422
576.95,22.03,56.75,Clay,Rice,Compost,Yes,West,5.344
729.42,28.19,36.78,Loamy,Cotton,Urea,Yes,Central,2.408
876.57,25.85,61.37,Clay,Sugarcane,NPK,No,West,79.747
598.98,32.61,58.61,Loamy,Soybean,NPK,Yes,North,4.245
426.67,28.85,55.99,Clay,Cotton,DAP,No,North,1.893
381.63,44.01,51.29,Clay,Maize,Compost,No,North,2.971
679.3,21.55,50.22,Sandy,Soybean,DAP,Yes,South,3.214
342.84,19.36,46.34,Peaty,Rice,None,Yes,West,2.971
827.39,33.88,44.73,Silty,Sugarcane,DAP,Yes,South,74.132
973.82,42.33,67.88,Silty,Maize,None,Yes,East,2.554
553.55,25.88,57.4,Silty,Maize,None,Yes,Central,5.672
897.36,25.41,55.27,Loamy,Cotton,Compost,Yes,East,2.685
756.89,27.64,59.91,Silty,Maize,Compost,Yes,South,6.383
313.01,22.74,51.23,Silty,Rice,DAP,Yes,North,5.406
624.52,17.27,43.71,Sandy,Rice,Urea,Yes,West,3.979
750.3,28.21,71.29,Clay,Wheat,Urea,Yes,West,3.614
473.5,27.05,42.76,Silty,Rice,NPK,No,North,5.186
820.42,20.08,39.45,Peaty,Soybean,Compost,Yes,West,3.104
722.97,23.91,57.68,Silty,Maize,Urea,No,Central,6.247
833.95,19.97,59.37,Loamy,Rice,DAP,No,Central,5.697
704.75,28.86,50.94,Loamy,Cotton,None,No,Central,2.174
1100.68,26.87,63.69,Loamy,Wheat,DAP,Yes,East,3.706
338.36,27.81,40.49,Silty,Maize,None,Yes,North,4.814
826.37,29.6,42.87,Sandy,Wheat,DAP,Yes,Central,3.031
900.98,32.48,65.82,Peaty,Maize,Compost,Yes,South,5.57
864.69,27.89,59.74,Silty,Cotton,Urea,No,Central,2.102
962.16,30.08,56.27,Sandy,Wheat,Compost,Yes,East,3.08
1161.25,36.1,77.19,Sandy,Sugarcane,Compost,No,South,37.077
630.06,31.83,50.24,Silty,Soybean,Urea,No,North,3.67
414.21,28.09,53.02,Silty,Soybean,Compost,Yes,North,3.081
869.22,27.78,49.55,Sandy,Maize,Compost,No,Central,5.263
741.32,22.85,37.17,Sandy,Sugarcane,NPK,Yes,South,67.448
732.93,23.77,59.57,Sandy,Wheat,NPK,Yes,South,3.615
893.32,26.51,62.54,Silty,Sugarcane,DAP,Yes,Central,81.598
750.32,25.23,70.32,Sandy,Sugarcane,Compost,No,Central,58.756
660.86,36.43,44.22,Loamy,Wheat,None,Yes,West,2.481
574.41,28.86,38.07,Silty,Cotton,NPK,No,West,2.391
824.75,28.45,51.58,Loamy,Sugarcane,None,Yes,Central,85.047
959.24,32.87,63.62,Clay,Sugarcane,DAP,Yes,East,73.194
680.25,27.92,36.09,Silty,Cotton,NPK,Yes,West,3.052
530.91,25.62,51.26,Clay,Sugarcane,Compost,Yes,Central,76.77
891.35,28.29,54.13,Sandy,Sugarcane,Urea,Yes,South,62.337
676.29,29.03,50.33,Sandy,Sugarcane,NPK,Yes,West,87.689
1080.15,34.0,54.59,Peaty,Soybean,NPK,No,East,2.787
600.67,20.21,60.9,Sandy,Rice,Urea,Yes,North,4.273
849.97,23.3,44.24,Clay,Cotton,Urea,No,South,2.125
1042.71,26.64,68.44,Sandy,Sugarcane,NPK,Yes,East,73.625
1147.11,31.69,66.81,Silty,Soybean,Urea,Yes,East,2.921
777.39,30.94,51.72,Sandy,Cotton,Urea,Yes,East,2.171
875.18,27.54,69.83,Peaty,Maize,DAP,Yes,South,6.987
1031.31,32.1,45.52,Sandy,Maize,Urea,No,East,4.116
411.66,23.63,56.22,Clay,Sugarcane,None,No,North,53.619
789.46,36.42,46.98,Clay,Soybean,Compost,No,West,2.25
989.93,22.82,56.13,Sandy,Soybean,Compost,No,South,2.329
1149.72,18.43,65.49,Clay,Cotton,None,No,East,1.476
1023.95,30.03,68.85,Clay,Cotton,Compost,No,Central,1.905
699.52,19.83,46.34,Peaty,Soybean,DAP,No,West,3.137
857.52,24.46,61.71,Silty,Cotton,NPK,Yes,South,2.896
840.79,26.28,53.31,Peaty,Soybean,DAP,Yes,Central,3.273
611.81,29.07,45.4,Loamy,Rice,DAP,No,Central,5.659
1069.62,32.06,48.24,Peaty,Soybean,NPK,Yes,East,3.023
1055.52,20.25,58.07,Sandy,Maize,NPK,No,South,5.283
1124.83,21.37,52.26,Silty,Cotton,NPK,Yes,East,2.244
761.1,44.07,45.44,Sandy,Soybean,None,No,North,0.874
659.02,25.94,49.28,Loamy,Soybean,NPK,Yes,Central,4.535
656.36,18.78,51.23,Silty,Cotton,NPK,Yes,North,2.79
1013.92,21.96,55.89,Clay,Rice,NPK,Yes,East,5.542
687.99,24.36,54.31,Peaty,Rice,Urea,No,West,4.78
737.99,27.02,68.24,Sandy,Cotton,DAP,Yes,Central,2.3
730.84,32.96,49.25,Loamy,Wheat,NPK,No,West,3.541
894.99,35.17,50.75,Clay,Cotton,Compost,No,South,1.636
486.93,22.88,42.25,Peaty,Cotton,Urea,Yes,Central,2.235
573.13,24.16,29.17,Clay,Rice,DAP,No,North,4.298
704.26,27.74,49.01,Peaty,Rice,DAP,Yes,West,5.226
893.72,23.37,72.13,Silty,Cotton,Compost,No,South,2.082
765.32,32.96,55.87,Clay,Cotton,NPK,Yes,Central,2.414
881.48,39.33,54.39,Unknown,Cotton,None,Yes,South,1.102
509.33,27.11,54.39,Clay,Rice,NPK,Yes,North,5.773
908.66,28.64,54.73,Silty,Cotton,NPK,No,Central,2.58
1238.56,24.07,74.68,Loamy,Cotton,Compost,No,South,2.003
1131.94,28.68,61.64,Peaty,Sugarcane,DAP,Yes,East,68.961
613.81,21.7,63.47,Clay,Wheat,DAP,Yes,Central,3.839
733.75,22.25,56.78,Silty,Maize,Compost,No,Central,7.272
722.51,17.92,58.69,Loamy,Wheat,Urea,Yes,Central,4.092
800.61,31.08,54.79,Peaty,Sugarcane,Compost,Yes,Central,64.31
1028.22,33.94,68.32,Silty,Maize,NPK,Yes,East,6.231
642.26,32.15,66.42,Peaty,Cotton,DAP,Yes,North,2.7
1268.26,27.47,69.66,Clay,Sugarcane,None,No,East,34.172
723.5,25.43,53.02,Loamy,Cotton,Compost,No,East,2.46
824.06,26.54,64.28,Silty,Rice,Urea,Yes,South,6.362
793.91,21.9,52.11,Loamy,Soybean,Compost,No,West,3.236
643.37,31.7,64.2,Clay,Sugarcane,NPK,No,West,79.924
988.92,27.19,55.72,Loamy,Rice,DAP,Yes,South,5.993
971.53,21.69,58.85,Loamy,Sugarcane,Urea,Yes,East,87.202
1134.03,22.33,69.64,Sandy,Sugarcane,Compost,No,South,57.817
874.19,20.37,41.13,Loamy,Rice,None,Yes,Central,4.727
944.8,25.73,61.41,Peaty,Maize,Compost,Yes,South,6.269
1151.13,26.89,64.3,Silty,Wheat,None,No,South,1.855
746.45,27.33,51.21,Sandy,Cotton,NPK,No,Central,2.239
659.94,20.34,50.6,Silty,Sugarcane,Urea,No,West,82.223
920.52,23.34,51.65,Silty,Cotton,NPK,Yes,Central,2.842
340.12,23.35,39.11,Clay,Soybean,DAP,No,North,2.366
925.18,30.65,55.19,Clay,Rice,DAP,No,South,4.27
952.97,22.02,51.09,Sandy,Cotton,NPK,No,South,2.217
616.61,27.27,56.41,Clay,Rice,NPK,No,West,5.125
888.17,23.46,52.01,Clay,Cotton,Urea,No,East,2.077
689.21,26.04,60.17,Clay,Wheat,None,No,Central,2.755
773.45,31.73,47.9,Silty,Wheat,NPK,Yes,East,4.083
783.01,20.81,45.35,Sandy,Wheat,None,No,North,2.452
700.96,13.96,57.06,Silty,Wheat,DAP,Yes,Central,3.645
561.0,20.31,41.96,Peaty,Wheat,None,No,North,2.271
503.35,29.09,48.97,Silty,Wheat,DAP,No,North,3.442
328.44,21.01,40.26,Peaty,Rice,Urea,Yes,North,4.434
601.93,23.44,41.95,Loamy,Sugarcane,NPK,Yes,Central,91.039
922.43,29.27,48.46,Loamy,Cotton,NPK,No,Central,2.743
651.22,31.02,62.41,Peaty,Wheat,Compost,Yes,West,3.085
822.93,32.16,62.07,Peaty,Rice,Compost,Yes,South,5.04
1006.98,29.77,49.66,Silty,Rice,Urea,Yes,East,4.825
919.09,21.37,52.04,Peaty,Rice,Compost,Yes,East,4.995
313.52,35.03,58.16,Sandy,Sugarcane,DAP,No,North,50.018
654.03,22.29,52.85,Loamy,Cotton,Compost,Yes,Central,2.445
543.24,23.82,48.12,Loamy,Sugarcane,DAP,Yes,Central,92.556
614.2,26.97,53.14,Peaty,Maize,None,No,North,5.386
1039.24,28.39,62.89,Clay,Rice,Compost,No,South,4.387
893.19,34.19,57.78,Clay,Maize,NPK,Yes,East,6.342
679.2,23.84,47.16,Peaty,Soybean,None,Yes,West,2.59
897.66,28.9,42.05,Sandy,Wheat,Compost,No,South,2.595
589.45,23.86,51.63,Clay,Wheat,Urea,Yes,Central,3.571
208.36,35.04,29.37,Peaty,Sugarcane,Urea,No,North,37.349
846.3,29.14,53.01,Sandy,Cotton,NPK,No,East,2.219
433.58,33.45,43.43,Sandy,Maize,DAP,Yes,North,5.213
721.49,21.24,48.63,Silty,Cotton,Compost,No,Central,2.403
586.48,24.19,55.12,Sandy,Sugarcane,Urea,Yes,North,72.913
1186.23,28.24,62.02,Clay,Wheat,DAP,Yes,East,2.828
394.99,33.53,51.69,Clay,Cotton,Compost,No,North,1.278
877.02,31.96,43.17,Peaty,Cotton,None,Yes,East,1.575
453.28,34.5,55.12,Peaty,Wheat,Compost,No,North,2.27
521.43,33.71,57.79,Sandy,Maize,None,No,North,3.687
1032.93,30.89,60.26,Loamy,Wheat,None,Yes,East,2.614
614.53,27.77,67.78,Silty,Cotton,Urea,No,North,2.138
617.65,21.43,57.75,Loamy,Maize,DAP,Yes,South,7.11
829.25,16.28,56.31,Sandy,Maize,NPK,Yes,West,5.801
970.43,27.62,70.86,Sandy,Wheat,NPK,No,South,2.794
782.41,31.01,56.32,Loamy,Cotton,Compost,Yes,West,2.652
541.67,13.38,43.45,Unknown,Sugarcane,None,No,South,40.876
774.78,21.13,61.98,Loamy,Cotton,Urea,No,West,2.385
400.74,21.92,60.12,Peaty,Rice,DAP,Yes,North,5.403
932.39,26.06,46.37,Clay,Soybean,Compost,Yes,East,3.004
1215.1,27.52,60.6,Peaty,Sugarcane,Compost,Yes,East,58.016
798.64,32.41,51.9,Clay,Maize,Urea,No,Central,5.632
548.5,20.42,40.77,Sandy,Sugarcane,DAP,Yes,West,74.469
819.43,28.72,54.13,Silty,Maize,Urea,Yes,Central,7.413
754.12,20.06,48.82,Loamy,Maize,Compost,Yes,Central,6.489
588.9,31.18,55.15,Silty,Sugarcane,NPK,Yes,West,84.949
1071.37,24.59,65.38,Loamy,Maize,NPK,No,East,6.807
593.27,20.94,52.98,Peaty,Maize,NPK,No,West,5.197
608.04,23.64,53.85,Peaty,Rice,Compost,Yes,North,5.349
756.13,21.42,67.16,Loamy,Cotton,Compost,Yes,Central,2.798
775.52,27.46,71.63,Silty,Cotton,Urea,No,Central,2.702
938.65,30.12,63.64,Loamy,Soybean,DAP,Yes,West,3.432
841.79,32.16,52.79,Sandy,Soybean,Urea,No,Central,2.252
1150.0,24.41,65.24,Peaty,Rice,NPK,Yes,East,4.422
620.96,33.94,52.67,Sandy,Soybean,None,Yes,Central,2.474
422.39,26.88,53.91,Peaty,Sugarcane,Compost,No,West,64.846
971.85,33.33,52.36,Unknown,Wheat,NPK,Yes,East,2.937
927.04,26.21,64.5,Clay,Wheat,Urea,Yes,East,3.68
789.94,25.85,56.46,Sandy,Wheat,Compost,Yes,Central,3.239
620.35,27.075,51.73,Sandy,Rice,NPK,No,West,4.575
898.93,28.54,57.62,Clay,Rice,Compost,No,Central,5.345
289.12,24.23,56.56,Silty,Maize,Urea,Yes,North,4.955
508.1,32.78,72.05,Sandy,Wheat,NPK,No,North,2.36
1055.92,22.22,62.06,Loamy,Sugarcane,NPK,Yes,East,88.725
553.67,29.89,45.22,Clay,Soybean,NPK,Yes,Central,3.188
685.76,29.67,53.62,Sandy,Sugarcane,NPK,No,North,72.879
1030.86,32.32,63.09,Silty,Soybean,None,No,South,1.979
485.31,32.42,51.0,Sandy,Wheat,Urea,Yes,North,3.041
1097.33,26.09,63.3,Peaty,Wheat,Urea,Yes,Central,3.039
532.33,27.16,49.23,Loamy,Wheat,DAP,Yes,Central,4.613
348.04,26.83,57.75,Clay,Rice,Urea,No,North,3.886
628.86,35.73,50.42,Peaty,Soybean,Compost,No,Central,2.56
728.54,30.25,61.01,Silty,Rice,Compost,No,Central,5.343
658.01,32.22,41.08,Peaty,Rice,Compost,No,South,3.5
1092.89,25.74,57.33,Peaty,Cotton,DAP,No,East,1.814
1069.04,21.37,63.73,Silty,Sugarcane,None,No,Central,62.92
441.05,22.32,48.57,Peaty,Sugarcane,Urea,Yes,West,71.126
1029.46,32.06,70.32,Clay,Maize,DAP,Yes,East,5.786
1143.69,23.34,65.03,Sandy,Rice,NPK,Yes,East,5.06
764.85,42.98,65.89,Peaty,Soybean,NPK,Yes,West,2.329
873.76,24.97,61.37,Clay,Cotton,DAP,No,North,2.194
829.59,28.76,50.06,Sandy,Cotton,Urea,No,South,1.8
997.9,28.75,58.42,Sandy,Sugarcane,Compost,Yes,Central,61.789
540.96,27.9,49.78,Peaty,Rice,Urea,No,North,4.588
573.47,20.9,61.69,Clay,Maize,Urea,Yes,West,6.953
1181.87,28.24,61.66,Peaty,Rice,NPK,Yes,South,4.818
904.26,28.19,55.8,Silty,Wheat,DAP,No,South,4.081
1060.67,25.5,58.02,Sandy,Rice,DAP,Yes,South,4.302
576.1,36.26,52.5,Peaty,Wheat,Compost,Yes,West,3.216
358.89,18.69,52.4,Sandy,Wheat,None,Yes,North,2.378
509.31,19.44,55.8,Clay,Maize,None,No,Central,4.557
1005.84,30.77,57.61,Loamy,Soybean,DAP,No,South,3.32
740.41,26.56,38.8,Peaty,Sugarcane,DAP,Yes,South,75.772
518.49,22.6,52.58,Peaty,Rice,DAP,Yes,North,4.626
802.57,27.98,56.86,Sandy,Wheat,DAP,No,South,2.998
768.18,31.8,56.59,Unknown,Rice,Compost,Yes,South,5.363
536.47,18.85,50.78,Silty,Soybean,Compost,No,West,2.734
1031.09,30.61,63.06,Clay,Sugarcane,Compost,Yes,East,54.696
103.31,28.65,25.94,Peaty,Soybean,DAP,No,North,1.116
676.61,25.85,54.7,Silty,Sugarcane,Urea,No,North,77.854
355.76,28.23,39.16,Clay,Cotton,Compost,Yes,North,1.924
474.89,28.31,58.98,Loamy,Sugarcane,DAP,No,West,75.733
433.4,29.75,49.65,Sandy,Maize,Compost,Yes,West,4.4
740.38,22.07,49.01,Clay,Soybean,NPK,No,Central,3.178
869.59,32.44,47.93,Clay,Wheat,Compost,No,West,3.215
559.76,31.96,43.74,Loamy,Cotton,Compost,Yes,North,2.738
765.53,32.11,50.17,Peaty,Maize,Compost,No,Central,5.231
1080.83,18.37,61.94,Sandy,Rice,DAP,Yes,East,4.205
1011.18,32.72,50.68,Clay,Soybean,Urea,Yes,South,3.054
749.46,25.16,56.92,Silty,Wheat,Compost,No,South,3.188
939.02,29.65,66.8,Clay,Sugarcane,DAP,Yes,Central,73.648
949.91,17.09,67.83,Sandy,Wheat,NPK,Yes,East,2.609
942.16,23.58,55.77,Clay,Rice,NPK,Yes,South,5.868
677.5,31.2,53.33,Loamy,Cotton,None,Yes,Central,2.276
583.18,29.63,46.37,Clay,Cotton,None,Yes,West,1.772
690.94,21.6,44.17,Clay,Soybean,Urea,Yes,North,3.71
1095.27,30.4,57.6,Silty,Cotton,None,No,East,1.827
572.07,22.92,37.0,Loamy,Soybean,NPK,No,South,3.484
612.87,25.67,36.45,Loamy,Soybean,Compost,No,North,2.902
1014.64,21.15,62.71,Clay,Soybean,Urea,Yes,Central,3.158
927.86,28.72,60.58,Silty,Sugarcane,NPK,No,South,83.191
473.38,32.44,59.23,Clay,Maize,Urea,No,North,4.98
592.48,31.42,63.33,Clay,Soybean,NPK,Yes,West,3.319
915.71,22.46,59.77,Sandy,Soybean,Urea,No,East,2.73
527.65,26.77,43.01,Sandy,Maize,Compost,No,Central,4.573
872.3,19.14,49.87,Silty,Wheat,DAP,Yes,South,3.468
621.62,33.82,44.11,Peaty,Soybean,Urea,No,West,2.033
1090.02,27.1,63.82,Sandy,Sugarcane,Urea,Yes,East,58.542
921.63,30.25,52.42,Peaty,Cotton,DAP,Yes,East,1.991
951.64,28.0,47.79,Loamy,Cotton,Urea,Yes,West,2.458
759.49,23.87,58.56,Sandy,Rice,Compost,No,South,3.967
1022.09,27.075,67.32,Sandy,Rice,Compost,Yes,East,4.308
587.86,29.28,45.78,Silty,Cotton,NPK,Yes,Central,2.589
469.2,35.18,49.11,Peaty,Cotton,NPK,No,North,1.846
658.08,25.29,64.85,Sandy,Sugarcane,Urea,No,Central,59.681
1030.57,32.87,68.08,Sandy,Maize,DAP,No,East,4.833
670.44,31.61,46.03,Silty,Rice,DAP,Yes,North,5.457
580.15,25.4,64.04,Silty,Maize,None,No,West,5.667
325.48,32.5,52.26,Peaty,Sugarcane,NPK,Yes,North,74.181
755.45,32.1,68.11,Loamy,Cotton,DAP,Yes,North,2.703
403.43,16.27,46.63,Loamy,Soybean,Urea,Yes,North,3.071
963.03,30.51,52.43,Clay,Maize,NPK,No,East,6.309
908.27,33.4,57.85,Sandy,Cotton,NPK,No,South,1.989
984.67,21.16,48.41,Peaty,Cotton,NPK,No,East,1.755
688.21,20.43,60.39,Sandy,Wheat,NPK,Yes,South,3.242
779.31,28.04,51.16,Peaty,Maize,Compost,Yes,West,6.096
227.26,34.89,47.67,Peaty,Soybean,Urea,Yes,West,2.585
796.97,21.56,73.25,Peaty,Maize,Compost,No,West,4.84
823.46,19.11,52.57,Sandy,Cotton,Compost,Yes,West,1.805
785.48,24.73,55.71,Silty,Soybean,Compost,Yes,West,3.605
654.36,24.04,49.35,Sandy,Sugarcane,Compost,No,Central,52.76
1019.41,18.64,59.22,Peaty,Wheat,DAP,Yes,East,3.257
799.61,24.08,54.12,Clay,Cotton,DAP,No,South,2.434
660.3,28.74,52.18,Loamy,Rice,DAP,No,West,6.164
794.37,36.28,63.0,Peaty,Rice,Urea,No,Central,3.938
535.74,29.81,48.9,Clay,Wheat,Compost,Yes,Central,2.984
679.86,31.03,54.56,Silty,Sugarcane,NPK,Yes,Central,86.945
928.42,21.56,55.89,Peaty,Cotton,NPK,Yes,East,2.625
825.93,26.53,67.84,Clay,Maize,DAP,Yes,West,7.126
558.84,25.9,30.75,Unknown,Wheat,Compost,No,Central,1.896
700.96,28.63,49.6,Sandy,Sugarcane,Urea,Yes,Central,72.254
642.09,29.98,56.25,Clay,Maize,NPK,No,West,6.641
981.36,31.76,66.38,Sandy,Rice,DAP,Yes,East,4.286
798.41,27.16,66.12,Sandy,Rice,DAP,No,Central,4.528
842.4,24.39,56.85,Clay,Maize,NPK,Yes,South,7.002
565.49,33.12,46.59,Loamy,Wheat,Compost,Yes,North,3.48
716.67,30.63,54.12,Clay,Rice,Urea,Yes,North,5.307
433.45,30.09,56.42,Loamy,Cotton,Urea,No,North,2.208
1040.65,26.8,55.9,Peaty,Soybean,Compost,Yes,East,2.804
832.2,33.08,56.15,Peaty,Maize,DAP,Yes,Central,5.937
620.04,20.71,50.0,Clay,Maize,NPK,Yes,North,7.487
742.18,31.46,64.82,Peaty,Rice,Compost,Yes,North,5.08
632.02,31.44,43.35,Silty,Wheat,NPK,No,West,3.178
800.71,22.5,35.82,Sandy,Cotton,Compost,No,Central,1.676
865.41,23.6,56.32,Sandy,Wheat,DAP,Yes,Central,3.225
396.26,20.58,52.89,Loamy,Sugarcane,DAP,Yes,West,77.599
638.98,29.55,48.69,Peaty,Sugarcane,DAP,Yes,Central,77.267
956.86,14.09,44.45,Loamy,Soybean,Compost,No,South,2.581
1138.09,28.12,67.96,Sandy,Rice,DAP,Yes,East,5.083
686.53,23.18,50.17,Sandy,Rice,NPK,No,West,3.976
759.5,22.08,56.99,Peaty,Rice,DAP,No,North,4.816
619.87,17.61,50.04,Silty,Soybean,Urea,No,Central,3.571
714.77,22.57,36.61,Silty,Sugarcane,Urea,No,South,67.339
1019.2,34.15,62.98,Peaty,Wheat,Urea,Yes,South,2.907
983.05,23.4,64.21,Peaty,Soybean,DAP,No,East,3.015
774.33,29.1,53.93,Loamy,Soybean,Urea,No,South,3.621
956.26,21.55,50.11,Peaty,Wheat,Urea,Yes,Central,3.09
812.03,32.13,70.95,Silty,Rice,Compost,No,Central,4.602
997.67,30.03,63.08,Peaty,Cotton,NPK,No,South,2.209
938.99,25.86,47.85,Loamy,Wheat,Urea,No,Central,3.667
641.94,28.16,71.24,Loamy,Sugarcane,Compost,Yes,Central,89.572
762.02,28.59,50.35,Loamy,Maize,NPK,No,North,7.794
712.78,21.99,64.91,Loamy,Maize,None,Yes,West,7.237
611.55,22.93,57.47,Clay,Soybean,NPK,No,Central,3.62
698.95,31.59,56.82,Peaty,Maize,Urea,No,Central,5.611
1027.99,34.73,71.68,Sandy,Cotton,NPK,No,East,1.558
816.91,27.73,41.75,Peaty,Rice,Compost,Yes,West,5.104
447.5,30.46,53.53,Clay,Sugarcane,Urea,No,West,64.201
387.73,33.02,45.05,Loamy,Cotton,NPK,Yes,West,2.557
781.87,25.38,74.89,Clay,Sugarcane,DAP,No,South,78.318
539.84,26.62,35.36,Silty,Sugarcane,None,No,North,53.33
657.16,30.57,55.64,Silty,Rice,NPK,Yes,North,6.071
931.32,37.92,61.69,Peaty,Soybean,Compost,Yes,East,2.537
712.57,30.75,49.46,Peaty,Maize,NPK,No,West,6.121
890.47,28.52,55.74,Sandy,Rice,Compost,Yes,West,4.356
445.11,24.06,45.2,Sandy,Cotton,Compost,No,Central,1.442
879.59,26.71,49.82,Silty,Soybean,NPK,Yes,South,3.782
1262.92,30.44,57.81,Loamy,Cotton,NPK,Yes,South,2.213
893.39,29.9,56.58,Clay,Soybean,NPK,No,East,3.288
427.47,24.0,53.95,Sandy,Cotton,NPK,No,North,2.153
728.16,33.55,49.32,Sandy,Rice,None,Yes,West,3.555
920.54,33.56,39.7,Loamy,Soybean,NPK,No,East,3.213
904.26,26.45,60.47,Loamy,Soybean,Compost,Yes,South,3.234
1271.26,28.4,67.7,Peaty,Sugarcane,Urea,No,South,48.889
911.21,23.8,56.27,Clay,Sugarcane,NPK,Yes,South,79.499
1060.66,22.96,61.55,Loamy,Wheat,DAP,Yes,West,4.017
582.06,28.74,59.02,Sandy,Cotton,DAP,Yes,West,2.204
624.86,23.1,51.95,Sandy,Sugarcane,Urea,Yes,West,68.965
556.02,27.005000000000003,57.65,Silty,Wheat,NPK,Yes,Central,4.028
482.48,25.01,52.13,Loamy,Sugarcane,NPK,Yes,North,97.802
864.19,32.25,49.76,Peaty,Cotton,Compost,No,South,1.686
962.1,26.57,68.17,Clay,Soybean,Compost,Yes,South,3.311
513.09,17.38,39.48,Peaty,Maize,NPK,Yes,Central,5.802
822.37,25.14,39.72,Sandy,Cotton,Compost,No,South,1.793
826.17,27.53,57.32,Peaty,Rice,DAP,Yes,South,5.256
784.03,18.33,60.47,Sandy,Sugarcane,DAP,Yes,West,65.939
667.5,18.8,57.59,Sandy,Sugarcane,DAP,Yes,West,77.585
567.52,26.06,41.69,Sandy,Soybean,Compost,Yes,North,2.83
912.49,32.02,59.42,Sandy,Rice,Compost,Yes,South,4.127
738.31,30.16,41.48,Sandy,Soybean,Compost,Yes,East,2.273
1141.09,26.93,65.62,Unknown,Rice,None,No,South,3.842
761.26,22.74,55.94,Peaty,Maize,Urea,Yes,South,6.961
683.51,22.49,58.02,Silty,Sugarcane,DAP,Yes,North,90.065
966.22,30.25,65.64,Silty,Sugarcane,DAP,Yes,East,80.622
808.28,27.99,60.43,Loamy,Maize,Urea,Yes,South,7.89
1156.56,31.27,52.48,Loamy,Wheat,DAP,Yes,East,3.345
470.95,33.02,45.34,Loamy,Soybean,DAP,No,West,2.851
483.64,24.73,40.56,Clay,Maize,Compost,No,West,4.967
1023.62,29.2,40.15,Loamy,Soybean,DAP,No,East,3.175
928.09,29.86,64.51,Peaty,Cotton,NPK,Yes,South,2.557
1122.93,23.51,67.55,Silty,Sugarcane,Compost,No,East,52.238
1107.48,23.77,54.74,Peaty,Soybean,Urea,Yes,East,2.98
639.6,30.61,46.51,Loamy,Rice,NPK,Yes,West,5.823
1015.67,27.01,60.05,Clay,Soybean,Urea,Yes,East,2.987
678.21,22.64,49.16,Clay,Cotton,NPK,No,Central,2.387
912.68,22.9,67.06,Silty,Sugarcane,None,Yes,Central,74.447
502.69,20.58,46.97,Peaty,Maize,DAP,No,West,5.879
904.75,25.21,51.35,Sandy,Cotton,None,No,South,1.392
1015.43,21.86,63.76,Peaty,Sugarcane,NPK,Yes,South,79.049
816.5,27.51,49.06,Loamy,Soybean,None,No,West,2.835
799.84,38.41,61.65,Sandy,Wheat,NPK,Yes,South,2.423
404.42,29.3,47.62,Clay,Wheat,Urea,Yes,North,3.592
513.78,32.34,57.56,Silty,Rice,NPK,Yes,Central,6.342
498.56,29.0,57.95,Silty,Sugarcane,Urea,No,North,71.048
588.13,18.75,41.33,Clay,Wheat,Urea,Yes,North,2.929
479.17,27.63,50.11,Loamy,Maize,DAP,No,North,6.18
754.88,23.59,54.73,Clay,Sugarcane,DAP,No,West,81.361
540.17,22.88,49.88,Loamy,Maize,Compost,No,North,6.573
1091.43,25.87,71.11,Sandy,Maize,NPK,Yes,East,5.184
922.08,30.16,58.32,Clay,Wheat,None,Yes,South,2.859
397.21,25.47,36.86,Loamy,Sugarcane,Urea,Yes,West,72.304
827.52,31.29,52.88,Sandy,Soybean,None,No,East,1.641
1173.57,27.92,57.87,Clay,Cotton,None,No,East,1.217
559.46,28.59,47.89,Unknown,Wheat,Urea,No,Central,3.627
827.79,26.7,56.44,Clay,Wheat,DAP,Yes,Central,3.362
1018.94,33.43,54.79,Peaty,Soybean,NPK,Yes,East,2.909
552.32,23.5,55.94,Clay,Sugarcane,Compost,No,Central,60.244
1012.45,23.78,72.41,Peaty,Sugarcane,NPK,Yes,South,82.65
828.35,25.41,57.98,Sandy,Maize,NPK,Yes,South,6.422
722.73,29.51,60.76,Clay,Soybean,Compost,No,Central,3.14
518.52,30.19,42.41,Sandy,Soybean,Urea,Yes,North,2.566
594.37,24.2,58.73,Sandy,Sugarcane,Compost,Yes,East,67.78
1001.06,31.48,70.99,Loamy,Maize,Urea,Yes,South,6.451
815.08,27.005000000000003,66.1,Sandy,Wheat,Compost,Yes,Central,2.712
625.89,30.56,47.85,Sandy,Rice,NPK,No,Central,4.178
996.35,28.79,69.84,Clay,Cotton,Compost,Yes,South,2.029
769.24,27.09,69.47,Clay,Wheat,None,No,South,2.501
422.3,29.37,43.96,Silty,Sugarcane,Compost,Yes,North,73.935
735.94,26.4,60.33,Loamy,Cotton,NPK,Yes,Central,2.961
595.58,28.28,47.31,Sandy,Rice,NPK,Yes,Central,5.515
630.62,39.03,41.76,Loamy,Rice,None,Yes,West,2.994
409.15,31.47,46.47,Peaty,Maize,NPK,No,North,5.059
707.31,24.29,49.65,Sandy,Cotton,Urea,No,South,1.8
931.16,25.47,57.53,Loamy,Maize,None,Yes,South,6.429
1032.56,33.04,39.99,Silty,Wheat,NPK,Yes,East,3.088
902.88,25.03,61.13,Silty,Soybean,Urea,No,South,3.196
656.41,35.5,51.27,Sandy,Soybean,NPK,Yes,Central,3.154
794.46,30.83,61.89,Peaty,Soybean,NPK,Yes,South,3.719
537.82,20.22,47.09,Silty,Cotton,Compost,Yes,Central,2.621
531.94,31.34,64.5,Silty,Soybean,DAP,No,Central,3.14
459.42,16.22,45.69,Peaty,Wheat,NPK,Yes,North,2.751
1053.19,25.26,61.97,Loamy,Maize,NPK,Yes,South,7.497
584.65,31.28,43.84,Silty,Cotton,Compost,No,North,1.861
754.04,17.67,55.86,Clay,Maize,Urea,No,Central,5.469
711.64,37.15,56.38,Unknown,Cotton,DAP,Yes,South,2.116
927.86,31.84,54.03,Loamy,Maize,NPK,Yes,South,8.215
600.56,22.11,58.08,Loamy,Rice,NPK,Yes,North,6.835
787.88,34.6,51.26,Sandy,Maize,DAP,Yes,North,6.187
697.18,17.45,63.02,Clay,Soybean,DAP,Yes,Central,3.152
640.93,21.96,41.86,Loamy,Rice,Urea,Yes,Central,6.518
785.04,19.92,55.18,Peaty,Maize,NPK,No,South,6.325
908.96,17.13,79.2,Clay,Cotton,Urea,No,South,1.61
620.77,25.33,33.27,Clay,Cotton,Urea,Yes,West,2.217
818.37,27.96,64.0,Peaty,Cotton,Urea,No,West,2.268
1135.3,27.81,65.24,Silty,Sugarcane,Compost,Yes,East,57.204
550.74,27.65,48.56,Peaty,Wheat,DAP,Yes,Central,3.426
996.67,27.26,68.73,Peaty,Cotton,DAP,No,East,2.009
1367.12,21.09,70.76,Silty,Rice,None,No,East,2.472
330.13,24.49,44.24,Silty,Cotton,Urea,Yes,North,2.115
521.99,13.25,44.55,Silty,Sugarcane,DAP,Yes,North,63.849
762.87,32.4,51.87,Silty,Soybean,None,Yes,West,2.627
964.36,27.47,57.32,Silty,Rice,DAP,Yes,East,5.386
601.7,27.34,50.63,Peaty,Sugarcane,Compost,No,West,57.684
629.56,30.9,46.23,Sandy,Soybean,Urea,Yes,Central,2.548
740.42,31.25,56.01,Sandy,Rice,NPK,Yes,South,4.646
524.64,25.19,45.28,Loamy,Maize,DAP,Yes,North,8.174
700.96,26.42,58.17,Sandy,Wheat,NPK,Yes,Central,3.85
509.23,34.83,65.48,Unknown,Wheat,DAP,No,Central,2.737
590.0,24.07,58.63,Peaty,Sugarcane,DAP,No,North,71.47
711.85,34.79,53.93,Silty,Soybean,NPK,Yes,North,3.356
996.9,25.25,50.49,Silty,Wheat,None,Yes,East,3.131
586.82,17.46,52.87,Peaty,Soybean,Urea,Yes,West,3.331
801.15,27.45,70.31,Sandy,Soybean,NPK,Yes,Central,3.364
864.96,25.21,49.23,Peaty,Sugarcane,DAP,Yes,East,74.129
1063.28,20.26,43.71,Loamy,Sugarcane,Compost,Yes,East,72.907
675.02,26.59,56.02,Silty,Sugarcane,DAP,Yes,Central,106.569
709.4,24.57,66.49,Clay,Wheat,Compost,Yes,Central,3.386
1151.48,36.37,72.75,Loamy,Sugarcane,DAP,No,South,51.623
823.43,31.84,69.71,Loamy,Wheat,DAP,Yes,West,4.364
922.23,22.19,48.14,Peaty,Sugarcane,Urea,No,Central,70.929
427.31,23.3,45.36,Sandy,Cotton,Urea,Yes,North,1.798
746.74,32.0,57.89,Silty,Soybean,None,No,South,2.687
720.01,33.06,35.93,Clay,Sugarcane,None,Yes,West,51.182
598.6,25.33,51.75,Loamy,Rice,NPK,No,North,5.763
253.53,24.6,40.82,Clay,Soybean,DAP,Yes,North,2.429
700.64,26.36,52.04,Sandy,Soybean,DAP,No,West,2.686
1207.1,28.45,66.28,Sandy,Sugarcane,NPK,No,South,56.195
834.56,30.63,53.99,Clay,Maize,None,Yes,North,5.57
895.05,30.89,49.18,Silty,Sugarcane,Compost,Yes,East,71.225
756.65,21.72,60.78,Sandy,Soybean,NPK,No,West,2.963
516.65,25.2,41.53,Clay,Rice,None,No,West,3.795
685.62,16.56,52.81,Loamy,Soybean,NPK,No,Central,3.43
776.97,26.88,48.88,Clay,Rice,Urea,No,South,4.862
824.65,20.06,61.96,Clay,Wheat,Urea,No,East,3.56
1132.49,23.34,50.06,Peaty,Cotton,Compost,Yes,East,1.693
742.97,32.52,54.07,Sandy,Soybean,Compost,Yes,Central,2.472
616.62,28.95,54.79,Unknown,Sugarcane,Urea,Yes,North,81.127
644.96,28.75,55.12,Silty,Wheat,DAP,No,North,3.621
1029.59,27.01,69.19,Peaty,Cotton,NPK,Yes,East,2.531
744.36,34.02,61.5,Silty,Sugarcane,Compost,Yes,South,74.439
581.56,23.86,55.25,Clay,Maize,DAP,Yes,North,6.853
617.32,27.82,36.41,Peaty,Sugarcane,Compost,No,West,56.572
671.29,27.55,58.03,Loamy,Rice,NPK,Yes,Central,7.17
758.45,25.26,64.84,Sandy,Rice,NPK,Yes,South,5.382
324.07,26.975,40.27,Sandy,Maize,Urea,Yes,North,3.879
914.91,20.9,67.59,Sandy,Wheat,NPK,Yes,East,3.462
781.8,17.76,62.87,Clay,Cotton,Compost,No,Central,1.841
539.59,27.54,45.16,Loamy,Sugarcane,Urea,Yes,North,96.424
1267.48,23.98,61.13,Peaty,Rice,NPK,No,East,4.55
540.17,15.39,43.11,Peaty,Wheat,DAP,Yes,North,3.001
729.24,28.88,63.06,Sandy,Maize,DAP,Yes,Central,6.087
652.49,28.21,47.57,Loamy,Soybean,DAP,Yes,West,3.738
490.6,32.61,44.49,Loamy,Rice,DAP,Yes,West,5.534
996.78,24.22,58.06,Loamy,Maize,DAP,Yes,East,6.994
489.75,17.7,40.78,Silty,Sugarcane,NPK,Yes,West,77.292
689.73,22.31,57.71,Silty,Cotton,Urea,No,Central,2.559
736.01,17.39,52.35,Sandy,Rice,None,No,East,3.454
539.58,34.48,59.57,Loamy,Rice,Compost,No,North,5.05
922.21,32.03,65.26,Loamy,Sugarcane,Urea,No,South,79.675
583.02,33.42,64.71,Peaty,Soybean,Urea,Yes,North,2.783
484.82,30.33,37.15,Peaty,Wheat,Compost,Yes,Central,3.166
1072.11,20.0,51.22,Sandy,Cotton,Compost,Yes,East,1.808
648.85,24.98,53.0,Loamy,Rice,Urea,Yes,North,6.268
856.27,30.96,58.06,Sandy,Cotton,Urea,No,East,1.687
797.8,18.5,53.64,Peaty,Rice,NPK,No,West,5.023
928.3,29.2,71.69,Peaty,Cotton,Urea,No,South,2.253
690.97,30.89,50.61,Silty,Maize,NPK,No,Central,6.61
635.18,38.32,56.44,Sandy,Rice,NPK,Yes,North,4.15
1143.22,31.78,65.56,Sandy,Cotton,DAP,Yes,South,1.81
678.88,29.38,48.73,Loamy,Wheat,DAP,Yes,Central,3.842
625.9,27.14,56.24,Loamy,Maize,Urea,No,Central,6.88
962.1,29.72,59.21,Silty,Maize,NPK,No,West,7.496
974.06,30.05,69.39,Clay,Wheat,Urea,Yes,East,2.872
993.96,16.64,70.41,Clay,Cotton,DAP,Yes,East,2.201
874.0,28.07,37.31,Clay,Sugarcane,Compost,Yes,South,72.436
408.94,13.78,35.87,Sandy,Wheat,Urea,Yes,West,2.421
653.87,15.73,51.92,Sandy,Cotton,Compost,No,Central,1.549
816.68,27.21,63.24,Peaty,Wheat,NPK,Yes,West,3.454
528.53,29.39,51.56,Sandy,Wheat,Compost,Yes,West,3.0
1097.74,20.37,65.27,Sandy,Rice,None,Yes,South,2.985
1114.55,32.47,84.6,Sandy,Cotton,NPK,No,East,1.871
499.36,34.6,45.0,Silty,Sugarcane,DAP,Yes,West,72.812
469.34,31.03,52.92,Sandy,Rice,DAP,No,West,3.381
465.17,26.87,50.62,Loamy,Wheat,DAP,Yes,West,3.873
488.7,28.53,56.65,Loamy,Soybean,Compost,Yes,North,3.217
486.56,27.56,57.33,Peaty,Wheat,DAP,Yes,West,3.178
832.97,28.07,61.1,Silty,Wheat,None,No,West,3.258
522.47,21.88,61.66,Loamy,Cotton,Compost,No,Central,2.314
416.24,25.14,59.04,Silty,Cotton,DAP,Yes,North,2.409
877.83,27.3,60.87,Silty,Rice,Compost,Yes,West,5.549
610.49,28.69,51.37,Peaty,Sugarcane,DAP,No,West,66.762
963.22,29.95,61.58,Silty,Rice,NPK,No,South,5.597
969.68,22.01,46.11,Sandy,Maize,Compost,Yes,South,5.889
331.83,26.14,42.43,Silty,Wheat,Urea,Yes,North,3.242
820.42,25.66,48.68,Peaty,Soybean,Urea,No,Central,3.2
641.99,36.8,59.96,Peaty,Wheat,NPK,Yes,North,2.679
647.88,28.25,63.76,Peaty,Wheat,Compost,No,North,2.911
798.2,30.37,61.25,Loamy,Rice,None,No,South,4.387
943.04,31.98,57.83,Sandy,Soybean,Urea,Yes,South,2.735
700.96,31.27,47.56,Loamy,Soybean,DAP,No,Central,3.61
663.97,16.83,60.29,Clay,Soybean,Urea,Yes,West,3.342
583.42,26.11,60.03,Sandy,Rice,Compost,No,Central,3.989
621.46,30.39,51.66,Silty,Wheat,DAP,No,West,3.796
1146.54,27.65,63.41,Peaty,Rice,Urea,Yes,East,4.381
611.1,18.66,49.42,Clay,Cotton,Compost,No,South,1.983
945.11,21.78,62.23,Sandy,Cotton,Compost,No,East,1.671
1095.81,22.56,58.81,Loamy,Rice,DAP,No,East,5.087
736.82,28.64,54.1,Peaty,Soybean,Compost,Yes,South,3.009
1060.05,28.17,51.83,Loamy,Wheat,NPK,Yes,East,4.25
620.36,34.62,54.5,Sandy,Rice,Urea,No,North,3.515
627.03,27.06,52.18,Sandy,Rice,DAP,No,West,3.989
745.19,28.02,57.68,Clay,Rice,DAP,Yes,Central,5.614
1144.3,20.32,71.23,Silty,Maize,NPK,Yes,South,5.985
449.15,26.22,55.09,Loamy,Cotton,NPK,Yes,North,3.025
491.82,38.37,48.86,Clay,Soybean,DAP,Yes,Central,2.525
636.33,28.71,52.62,Peaty,Sugarcane,DAP,No,Central,71.93
550.83,24.2,46.63,Silty,Soybean,NPK,No,Central,3.7
1057.75,29.08,68.98,Clay,Sugarcane,None,No,East,53.192
931.67,32.21,62.38,Loamy,Maize,NPK,No,East,6.595
1091.97,29.49,69.86,Sandy,Rice,None,Yes,East,3.299
1043.68,31.16,61.73,Peaty,Maize,NPK,No,East,6.184
447.22,31.8,51.495000000000005,Loamy,Maize,NPK,No,North,5.867
861.61,27.075,51.46,Silty,Wheat,DAP,No,East,3.671
691.04,28.65,61.83,Silty,Cotton,DAP,Yes,South,2.64
857.71,24.01,55.58,Sandy,Sugarcane,Urea,Yes,Central,70.402
628.67,23.95,61.08,Sandy,Rice,NPK,Yes,North,5.572
938.38,26.6,70.05,Peaty,Sugarcane,None,Yes,East,66.514
790.94,20.38,63.26,Peaty,Soybean,Compost,Yes,Central,3.45
559.76,28.84,54.82,Sandy,Sugarcane,DAP,No,North,58.094
568.77,23.02,29.87,Sandy,Soybean,Urea,No,Central,2.583
403.79,27.89,46.21,Unknown,Cotton,DAP,Yes,North,2.437
691.49,29.59,53.78,Sandy,Soybean,DAP,Yes,West,3.197
459.3,20.42,56.34,Clay,Sugarcane,Compost,No,North,73.5
781.89,29.05,56.55,Loamy,Sugarcane,None,Yes,East,77.434
713.7,16.67,42.31,Sandy,Soybean,Urea,Yes,Central,2.37
785.95,29.94,43.94,Peaty,Maize,Urea,Yes,Central,6.978
679.61,30.01,49.71,Clay,Cotton,Compost,Yes,Central,2.324
1070.96,30.35,82.92,Peaty,Wheat,DAP,Yes,South,2.677
1020.42,28.72,62.65,Clay,Rice,NPK,No,South,5.021
1167.8,24.41,67.45,Sandy,Sugarcane,DAP,No,East,56.811
767.57,24.59,43.56,Loamy,Rice,DAP,No,West,5.56
935.38,23.92,67.54,Peaty,Wheat,DAP,Yes,South,3.216
363.42,32.15,44.73,Clay,Rice,Urea,Yes,North,4.706
948.08,35.45,71.0,Silty,Wheat,Compost,No,East,2.244
573.14,27.42,41.52,Sandy,Soybean,Urea,No,West,2.366
416.73,22.06,47.58,Loamy,Maize,DAP,Yes,North,6.839
613.78,25.61,48.18,Sandy,Sugarcane,Compost,Yes,Central,59.743
680.33,31.9,58.69,Silty,Wheat,Urea,No,South,3.316
682.59,29.77,61.49,Loamy,Rice,Urea,Yes,North,6.233
491.16,27.17,44.79,Silty,Sugarcane,Compost,Yes,West,58.985
1121.99,25.68,68.88,Sandy,Maize,NPK,Yes,East,5.636
749.01,18.56,51.495000000000005,Clay,Soybean,None,Yes,North,2.912
885.08,25.93,65.55,Sandy,Sugarcane,Urea,Yes,East,77.027
616.82,25.06,47.75,Sandy,Wheat,Urea,Yes,Central,3.181
724.78,24.89,51.1,Sandy,Maize,Urea,Yes,West,5.008
584.53,27.075,49.99,Peaty,Rice,DAP,No,West,5.009
780.03,35.75,63.18,Silty,Maize,Compost,No,South,5.141
716.14,27.1,57.76,Silty,Maize,NPK,Yes,West,8.252
438.91,29.99,38.71,Silty,Cotton,NPK,No,North,2.141
870.66,26.7,57.29,Unknown,Maize,Urea,Yes,North,6.617
634.26,26.69,65.77,Clay,Maize,Compost,Yes,North,6.094
800.4,32.7,63.89,Sandy,Sugarcane,None,Yes,Central,45.908
636.53,28.87,47.92,Clay,Rice,DAP,No,West,4.873
929.45,30.89,46.3,Peaty,Sugarcane,Compost,Yes,West,62.724
438.6,33.2,44.78,Silty,Sugarcane,None,Yes,North,52.522
1014.1,28.81,60.25,Sandy,Wheat,NPK,No,South,2.803
699.27,28.22,50.69,Loamy,Sugarcane,NPK,Yes,South,92.913
994.04,30.68,52.03,Loamy,Cotton,DAP,No,West,2.564
772.99,23.76,60.15,Clay,Cotton,DAP,No,West,2.198
859.02,23.84,38.06,Silty,Wheat,Urea,No,East,3.438
728.86,23.21,63.55,Loamy,Soybean,Compost,Yes,West,3.696
709.41,24.55,60.23,Clay,Rice,Urea,Yes,North,5.812
565.9,21.07,53.87,Peaty,Rice,NPK,No,Central,5.509
580.95,18.72,56.39,Clay,Sugarcane,NPK,No,West,79.009
500.97,22.89,47.75,Clay,Sugarcane,Compost,No,West,60.231
621.83,15.24,52.22,Clay,Soybean,Urea,Yes,North,2.99
1027.32,28.42,72.31,Sandy,Sugarcane,Urea,Yes,East,60.22
654.71,27.49,51.88,Clay,Rice,NPK,Yes,West,6.267
779.17,30.71,58.66,Clay,Maize,Compost,Yes,South,6.097
868.96,22.34,61.59,Sandy,Cotton,NPK,Yes,South,2.543
792.64,29.49,56.7,Sandy,Maize,DAP,Yes,South,5.573
772.7,22.96,53.74,Peaty,Maize,Compost,Yes,Central,5.751
542.07,30.87,36.87,Silty,Rice,NPK,Yes,Central,5.751
530.16,17.89,57.13,Loamy,Maize,Compost,Yes,West,6.882
772.3,25.81,64.07,Loamy,Soybean,Compost,Yes,West,4.285
584.02,25.0,52.26,Clay,Wheat,NPK,Yes,West,3.885
964.14,30.98,69.23,Peaty,Sugarcane,Urea,Yes,Central,65.797
679.41,30.91,56.63,Clay,Wheat,Urea,Yes,West,3.401
278.01,33.09,29.87,Loamy,Cotton,Compost,Yes,North,1.637
801.35,16.93,47.59,Sandy,Sugarcane,Urea,No,East,57.398
811.46,34.48,52.32,Silty,Maize,NPK,Yes,South,6.011
1011.4,22.37,55.35,Peaty,Cotton,NPK,No,South,1.982
646.17,35.54,53.52,Sandy,Sugarcane,NPK,No,North,59.172
577.45,38.12,52.18,Silty,Soybean,Compost,No,West,2.134
884.86,32.96,71.32,Peaty,Soybean,Urea,Yes,Central,2.856
699.31,22.71,36.76,Peaty,Soybean,DAP,Yes,West,3.224
602.13,20.78,51.4,Loamy,Soybean,NPK,No,West,3.412
1075.97,23.47,55.52,Sandy,Maize,Urea,No,South,4.444
778.89,29.85,45.15,Peaty,Wheat,NPK,No,South,3.112
783.27,21.68,60.38,Peaty,Sugarcane,NPK,Yes,Central,78.44
998.58,17.71,51.88,Silty,Maize,DAP,No,South,6.206
742.77,32.41,55.18,Loamy,Soybean,DAP,No,West,3.672
526.66,26.975,42.92,Clay,Wheat,Compost,No,North,2.291
830.64,31.57,41.38,Loamy,Cotton,NPK,Yes,Central,2.357
826.24,30.86,54.74,Clay,Cotton,Urea,Yes,North,2.333
626.71,27.99,54.98,Sandy,Cotton,None,Yes,West,1.659
710.13,31.2,49.42,Sandy,Soybean,Compost,Yes,Central,2.628
688.77,34.4,64.31,Peaty,Cotton,None,No,North,1.512
660.15,30.82,55.57,Sandy,Rice,Urea,No,Central,4.798
606.05,30.96,57.92,Peaty,Sugarcane,Urea,No,West,64.781
525.98,28.94,45.26,Loamy,Sugarcane,NPK,Yes,Central,95.57
391.38,24.83,42.78,Sandy,Soybean,NPK,No,West,2.428
529.78,28.54,47.88,Loamy,Rice,DAP,Yes,Central,6.285
829.41,28.05,53.76,Loamy,Maize,NPK,No,Central,7.98
745.84,29.45,51.22,Sandy,Maize,NPK,No,South,5.508
722.97,28.67,45.58,Loamy,Cotton,Urea,Yes,West,2.604
1222.8,24.71,70.78,Sandy,Wheat,Compost,Yes,East,2.075
723.8,32.7,42.74,Sandy,Maize,NPK,Yes,Central,6.17
417.64,24.36,53.36,Sandy,Wheat,DAP,Yes,North,3.299
880.16,28.97,64.24,Clay,Sugarcane,DAP,No,South,60.505
956.97,29.58,56.84,Loamy,Wheat,NPK,Yes,South,4.107
757.75,21.75,75.44,Silty,Sugarcane,DAP,Yes,Central,89.78
1017.56,34.81,60.42,Sandy,Rice,Urea,Yes,East,4.369
994.75,26.79,57.55,Loamy,Rice,None,No,South,4.63
799.94,22.03,54.02,Peaty,Soybean,Compost,Yes,West,3.153
628.03,27.0,61.25,Sandy,Soybean,NPK,Yes,Central,3.373
910.71,22.13,56.09,Sandy,Cotton,NPK,No,Central,2.012
1049.44,24.1,66.07,Silty,Maize,Urea,Yes,East,5.927
316.2,24.0,35.51,Clay,Cotton,Urea,Yes,West,1.715
621.82,26.32,53.61,Clay,Sugarcane,DAP,No,West,78.071
973.97,33.82,67.37,Sandy,Cotton,DAP,Yes,East,1.888
712.02,27.53,53.91,Loamy,Wheat,NPK,No,North,4.051
562.81,27.82,45.21,Peaty,Sugarcane,Compost,Yes,West,60.808
572.37,24.61,49.17,Peaty,Soybean,Compost,Yes,North,3.214
337.13,28.42,35.35,Loamy,Rice,Urea,Yes,North,4.533
575.47,26.83,58.81,Sandy,Soybean,DAP,No,Central,2.921
819.55,26.58,66.15,Peaty,Maize,Compost,Yes,Central,6.102
716.8,30.54,53.32,Clay,Sugarcane,Compost,Yes,South,72.028
700.96,22.29,69.0,Loamy,Sugarcane,Urea,Yes,Central,100.724
820.99,33.33,62.35,Silty,Wheat,Compost,Yes,West,2.861
836.21,13.52,56.87,Sandy,Maize,Urea,No,West,3.838
781.8,26.53,66.4,Loamy,Rice,DAP,No,North,6.766
766.28,33.79,61.03,Peaty,Sugarcane,NPK,No,West,73.29
763.82,33.03,64.79,Sandy,Sugarcane,Urea,Yes,Central,63.535
792.94,27.79,67.0,Clay,Wheat,Compost,Yes,Central,3.945
710.69,22.95,52.3,Sandy,Cotton,DAP,No,Central,2.167
943.96,26.33,64.39,Sandy,Rice,Urea,No,East,4.109
765.52,39.96,39.85,Clay,Soybean,Urea,Yes,West,1.882
967.36,30.54,57.89,Clay,Maize,None,Yes,South,5.448
782.05,18.5,59.68,Sandy,Sugarcane,Compost,Yes,West,58.21
618.71,27.075,55.28,Clay,Sugarcane,None,Yes,West,67.862
981.91,24.01,52.04,Loamy,Soybean,Compost,Yes,East,3.813
681.72,20.65,50.61,Clay,Rice,Compost,No,West,4.604
531.0,29.41,53.47,Clay,Cotton,DAP,Yes,North,2.398
1126.27,22.15,62.49,Sandy,Sugarcane,DAP,Yes,Central,51.274
990.17,34.74,57.98,Loamy,Rice,DAP,Yes,Central,5.537
1000.64,33.71,48.73,Silty,Soybean,DAP,No,East,2.405
700.96,23.35,56.41,Silty,Wheat,Compost,Yes,Central,4.142
616.9,23.04,50.82,Peaty,Cotton,Urea,Yes,North,2.059
935.58,30.37,76.09,Clay,Maize,Urea,Yes,East,5.771
833.06,32.09,67.9,Clay,Sugarcane,DAP,Yes,South,82.148
706.44,25.74,55.2,Loamy,Rice,DAP,No,Central,6.644
594.29,31.89,36.36,Silty,Wheat,NPK,Yes,West,3.667
577.57,35.32,70.95,Peaty,Maize,NPK,Yes,North,5.863
605.51,28.65,58.64,Loamy,Rice,DAP,No,North,5.957
222.66,21.85,40.05,Clay,Rice,Urea,Yes,Central,3.259
611.04,30.93,59.31,Silty,Maize,DAP,Yes,South,7.623
522.84,27.72,56.82,Peaty,Wheat,NPK,No,West,3.19
941.95,25.39,53.59,Sandy,Soybean,Urea,Yes,South,2.811
784.39,30.76,48.24,Silty,Wheat,NPK,No,South,3.711
1046.52,33.04,66.87,Peaty,Cotton,Compost,No,Central,1.676
784.19,27.93,64.29,Loamy,Sugarcane,Urea,No,West,88.608
993.74,15.6,62.44,Sandy,Maize,DAP,Yes,Central,5.528
835.03,27.6,58.75,Peaty,Soybean,Urea,Yes,Central,3.556
312.43,28.13,57.08,Peaty,Maize,NPK,Yes,North,6.034
525.16,39.93,49.3,Clay,Maize,Compost,Yes,Central,4.29
923.29,27.65,35.36,Silty,Wheat,Compost,Yes,East,3.401
470.6,26.14,53.69,Clay,Sugarcane,Compost,No,West,53.31
712.18,30.45,63.47,Sandy,Cotton,Compost,No,North,1.694
626.22,25.5,56.33,Peaty,Rice,Compost,Yes,West,4.733
580.76,23.57,41.38,Clay,Rice,Urea,Yes,North,5.189
1206.48,19.03,59.0,Silty,Maize,DAP,Yes,East,5.874
989.01,24.02,58.67,Sandy,Sugarcane,Urea,No,Central,64.477
509.29,17.46,39.61,Loamy,Soybean,NPK,Yes,North,3.734
345.31,28.42,42.29,Clay,Wheat,Urea,Yes,North,2.935
371.76,28.08,58.59,Sandy,Sugarcane,Compost,No,North,47.116
1172.41,30.48,55.49,Loamy,Sugarcane,Urea,Yes,East,65.111
689.84,21.84,51.42,Clay,Wheat,None,No,West,2.476
866.49,19.81,63.06,Sandy,Maize,DAP,Yes,East,6.113
656.19,37.29,40.25,Sandy,Sugarcane,DAP,No,North,43.922
388.57,26.61,58.62,Clay,Rice,None,Yes,North,3.664
434.14,30.5,43.74,Sandy,Wheat,DAP,Yes,Central,2.995
698.84,27.66,45.55,Peaty,Soybean,None,No,East,2.333
783.11,30.72,66.76,Clay,Cotton,Urea,No,East,2.214
1073.6,28.14,68.45,Sandy,Maize,DAP,Yes,South,5.952
619.62,22.99,44.19,Loamy,Wheat,NPK,Yes,West,4.372
894.93,29.71,54.85,Loamy,Cotton,NPK,Yes,South,2.766
928.05,28.52,60.83,Peaty,Cotton,DAP,No,South,2.034
498.43,18.59,47.35,Clay,Soybean,None,Yes,West,2.272
628.05,28.47,62.84,Sandy,Sugarcane,Compost,No,Central,54.285
642.49,25.06,59.76,Sandy,Soybean,NPK,Yes,Central,3.089
510.35,23.67,26.19,Loamy,Sugarcane,DAP,Yes,West,75.928
577.12,31.88,44.93,Peaty,Sugarcane,Urea,No,West,56.623
981.75,26.64,55.31,Loamy,Wheat,None,Yes,East,3.386
962.82,26.79,55.49,Loamy,Wheat,None,No,East,3.074
1064.98,27.45,64.87,Peaty,Maize,Compost,Yes,East,5.264
927.16,26.84,67.62,Clay,Sugarcane,Urea,Yes,East,86.138
781.73,26.51,50.51,Sandy,Cotton,Urea,Yes,North,2.322
395.09,34.28,38.89,Clay,Rice,Compost,Yes,North,3.285
620.46,23.58,49.82,Silty,Maize,Urea,Yes,Central,6.905
609.1,18.32,34.86,Silty,Wheat,DAP,Yes,North,2.973
642.64,27.22,58.43,Silty,Soybean,DAP,No,North,3.405
993.96,22.3,55.38,Peaty,Maize,NPK,Yes,East,7.101
984.59,21.52,56.37,Loamy,Maize,Urea,Yes,East,7.615
769.93,26.92,57.15,Clay,Maize,Compost,Yes,West,6.883
759.61,28.37,47.85,Sandy,Maize,Compost,Yes,East,5.536
636.83,26.13,49.94,Silty,Rice,Compost,Yes,West,5.259
426.96,24.72,43.11,Clay,Soybean,DAP,Yes,West,3.343
428.06,26.0,33.41,Silty,Soybean,DAP,Yes,North,3.165
1012.83,26.75,60.2,Silty,Soybean,NPK,Yes,East,3.717
559.76,26.99,70.49,Sandy,Sugarcane,NPK,Yes,North,85.876
828.91,18.04,56.8,Peaty,Cotton,NPK,No,East,2.035
733.21,31.37,48.48,Loamy,Soybean,None,No,North,3.277
499.95,19.71,50.45,Peaty,Maize,NPK,Yes,North,7.301
632.48,23.64,43.89,Clay,Maize,NPK,No,North,6.405
925.26,19.23,53.73,Peaty,Soybean,Urea,Yes,Central,3.036
448.54,27.84,45.56,Clay,Soybean,DAP,Yes,North,3.037
992.34,23.45,55.41,Clay,Maize,Compost,No,South,5.515
962.27,26.08,56.89,Loamy,Sugarcane,DAP,No,South,84.752
691.57,23.29,59.36,Sandy,Wheat,Compost,No,South,2.596
831.09,21.73,53.37,Loamy,Wheat,DAP,No,West,3.795
565.14,14.45,48.93,Peaty,Soybean,NPK,Yes,North,2.912
820.07,24.04,41.06,Clay,Rice,Compost,No,South,4.43
407.06,20.95,37.56,Silty,Soybean,Compost,No,West,2.064
708.86,29.6,54.83,Silty,Soybean,None,Yes,South,3.32
983.72,37.4,68.81,Clay,Wheat,DAP,No,East,2.365
499.32,36.15,48.48,Loamy,Maize,DAP,Yes,Central,5.988
644.91,26.59,52.31,Sandy,Soybean,DAP,No,North,2.828
643.15,23.04,41.51,Loamy,Maize,NPK,Yes,Central,7.797
465.79,17.25,42.75,Clay,Maize,Compost,Yes,Central,5.734
900.56,24.91,59.92,Clay,Rice,Compost,Yes,East,5.013
840.57,22.44,66.43,Sandy,Maize,Urea,Yes,East,5.654
816.38,23.31,57.94,Peaty,Wheat,Compost,No,East,3.194
317.73,18.84,45.3,Peaty,Sugarcane,DAP,Yes,West,66.746
914.93,30.51,60.37,Sandy,Sugarcane,NPK,Yes,South,84.767
406.92,29.55,40.05,Peaty,Cotton,NPK,Yes,North,1.884
1281.49,22.42,58.18,Silty,Soybean,NPK,No,East,2.596
698.89,31.28,52.13,Peaty,Wheat,NPK,No,North,3.464
794.72,27.3,46.65,Peaty,Maize,Compost,No,North,4.941
657.33,29.65,58.75,Peaty,Sugarcane,NPK,No,North,81.644
912.31,30.87,65.76,Silty,Wheat,DAP,Yes,East,3.609
1048.61,28.82,58.79,Peaty,Sugarcane,NPK,Yes,East,73.914
854.59,22.9,63.14,Silty,Maize,DAP,Yes,South,7.905
1051.09,32.25,72.92,Sandy,Sugarcane,Urea,No,East,47.328
1133.69,30.86,65.9,Loamy,Soybean,DAP,No,East,2.996
639.62,30.94,59.97,Sandy,Soybean,Compost,Yes,North,2.913
901.25,20.35,57.42,Loamy,Cotton,DAP,Yes,South,2.771
709.87,19.67,61.4,Sandy,Cotton,NPK,Yes,Central,2.428
1032.94,34.56,59.66,Loamy,Sugarcane,Urea,No,East,70.625
993.96,23.81,57.74,Loamy,Wheat,Urea,Yes,East,3.22
626.55,28.26,58.08,Clay,Soybean,NPK,No,Central,3.728
511.19,33.03,51.98,Loamy,Wheat,DAP,Yes,North,3.577
823.88,35.16,62.72,Loamy,Wheat,NPK,Yes,South,4.201
570.59,29.87,45.48,Clay,Sugarcane,Compost,No,North,62.989
745.5,24.39,57.45,Peaty,Wheat,None,Yes,West,2.845
1044.95,25.57,68.44,Peaty,Soybean,Compost,No,East,2.387
641.35,28.85,49.26,Clay,Maize,Urea,Yes,West,6.657
1160.92,27.87,69.63,Silty,Cotton,DAP,Yes,East,2.112
530.87,23.42,63.2,Loamy,Maize,Urea,Yes,West,7.916
475.03,13.73,44.79,Loamy,Wheat,None,No,Central,2.06
1048.23,23.32,63.09,Clay,Maize,Urea,No,East,5.678
993.96,25.94,73.92,Clay,Soybean,DAP,Yes,East,3.382
624.93,26.95,41.01,Silty,Soybean,Urea,Yes,West,3.466
702.08,35.53,57.28,Peaty,Wheat,NPK,Yes,South,3.224
679.79,32.34,59.14,Sandy,Sugarcane,DAP,Yes,West,70.084
1269.26,24.69,65.55,Peaty,Maize,None,Yes,East,3.194
800.27,29.52,73.9,Loamy,Sugarcane,Urea,Yes,East,93.365
876.43,13.68,61.46,Clay,Sugarcane,Urea,Yes,South,65.395
561.32,33.13,61.99,Silty,Rice,Urea,Yes,North,5.601
833.41,24.52,63.34,Peaty,Wheat,NPK,Yes,South,4.025
574.66,27.94,63.45,Silty,Cotton,NPK,Yes,North,2.789
932.95,27.15,60.07,Peaty,Soybean,Urea,Yes,East,2.715
723.04,32.13,44.02,Loamy,Soybean,Urea,Yes,Central,3.496
661.77,25.26,57.61,Sandy,Wheat,NPK,No,Central,3.309
569.33,31.11,37.9,Silty,Cotton,Urea,Yes,West,2.26
888.44,28.82,55.1,Silty,Soybean,Urea,Yes,South,3.376
972.19,27.61,55.71,Sandy,Wheat,Urea,Yes,South,3.304
466.38,26.46,46.22,Silty,Soybean,Urea,No,Central,2.825
654.09,24.45,63.2,Silty,Sugarcane,DAP,Yes,North,86.592
791.14,26.17,55.62,Peaty,Maize,Urea,No,South,5.755
642.76,25.09,69.3,Peaty,Maize,DAP,Yes,North,6.667
449.53,29.09,48.47,Sandy,Soybean,NPK,Yes,North,2.915
657.0,21.33,36.04,Loamy,Rice,DAP,Yes,North,5.848
542.66,27.36,46.12,Silty,Cotton,NPK,Yes,North,2.716
510.59,34.58,57.02,Loamy,Cotton,Urea,Yes,West,2.211
584.18,24.8,40.9,Sandy,Cotton,NPK,Yes,West,2.066
879.05,29.19,54.73,Sandy,Sugarcane,DAP,Yes,Central,72.835
657.77,15.38,59.69,Peaty,Cotton,NPK,Yes,West,2.257
831.29,19.1,54.1,Silty,Maize,Urea,Yes,South,7.271
821.08,26.33,51.98,Clay,Sugarcane,NPK,Yes,West,88.519
1028.27,26.62,70.6,Sandy,Wheat,Urea,Yes,South,2.861
773.97,27.21,53.66,Silty,Cotton,DAP,No,South,2.569
519.33,37.95,42.05,Loamy,Cotton,None,Yes,North,1.652
435.62,24.09,55.38,Peaty,Wheat,Compost,Yes,Central,2.93
680.79,27.42,62.71,Loamy,Cotton,DAP,Yes,North,2.706
550.61,23.42,52.46,Sandy,Wheat,None,Yes,North,2.361
750.52,30.68,50.37,Sandy,Sugarcane,DAP,Yes,West,71.818
360.18,21.25,40.11,Loamy,Maize,Urea,Yes,West,7.045
857.87,23.5,52.73,Sandy,Wheat,None,Yes,South,2.561
675.14,22.49,43.42,Silty,Rice,DAP,No,West,5.776
332.26,31.12,42.7,Sandy,Wheat,NPK,Yes,West,3.128
1098.45,27.63,66.36,Peaty,Cotton,Urea,Yes,East,1.886
851.48,28.42,62.92,Silty,Sugarcane,NPK,No,South,84.738
636.79,26.03,52.95,Clay,Soybean,Compost,Yes,South,3.397
922.82,33.05,61.52,Sandy,Sugarcane,None,No,East,36.912
968.5,26.23,57.49,Sandy,Soybean,Compost,Yes,South,2.849
563.03,36.83,45.42,Peaty,Wheat,Urea,Yes,Central,2.949
693.15,33.35,51.12,Peaty,Maize,Compost,No,Central,5.168
935.03,19.62,67.7,Loamy,Rice,Urea,No,East,5.481
350.88,30.19,28.81,Loamy,Sugarcane,NPK,No,West,64.868
793.58,33.34,46.7,Loamy,Cotton,NPK,Yes,Central,2.811
1121.16,24.96,58.64,Peaty,Soybean,Compost,Yes,East,2.231
872.31,29.06,48.56,Unknown,Cotton,NPK,Yes,Central,2.475
551.35,26.975,54.53,Loamy,Maize,Urea,No,North,6.838
1072.69,22.02,49.19,Clay,Soybean,Compost,Yes,East,2.561
657.89,25.74,62.78,Loamy,Sugarcane,DAP,Yes,South,97.475
736.02,20.23,70.37,Sandy,Wheat,Compost,No,Central,2.723
852.31,27.28,59.04,Peaty,Cotton,Urea,No,South,2.34
988.46,30.25,54.82,Silty,Maize,NPK,Yes,East,7.069
532.4,22.42,58.06,Clay,Sugarcane,Urea,No,Central,72.167
904.26,20.3,59.1,Peaty,Sugarcane,NPK,Yes,South,73.843
402.35,19.11,41.21,Peaty,Sugarcane,Urea,Yes,West,67.684
690.8,33.06,54.24,Sandy,Sugarcane,NPK,Yes,West,67.816
412.37,18.29,35.63,Loamy,Soybean,Urea,Yes,North,3.143
1317.79,28.48,60.44,Sandy,Sugarcane,Compost,No,East,24.253
1004.3,33.53,53.96,Loamy,Cotton,DAP,No,South,2.104
545.73,22.11,50.16,Loamy,Maize,NPK,Yes,North,8.462
845.81,22.78,44.2,Peaty,Soybean,DAP,No,East,2.641
783.5,27.88,48.26,Loamy,Sugarcane,NPK,Yes,West,89.724
410.3,28.2,44.1,Clay,Rice,DAP,Yes,South,5.206
757.63,24.51,58.95,Clay,Rice,NPK,Yes,Central,5.849
726.56,25.51,54.55,Clay,Maize,Urea,No,West,6.775
767.76,27.45,68.43,Peaty,Wheat,DAP,Yes,Central,3.69
825.68,24.98,49.28,Sandy,Wheat,Compost,Yes,Central,3.338
815.25,25.15,63.37,Silty,Soybean,Urea,Yes,South,4.137
982.4,36.71,66.71,Loamy,Soybean,Urea,Yes,South,3.187
599.5,32.07,53.87,Silty,Soybean,None,No,Central,2.379
425.44,32.46,49.64,Sandy,Wheat,None,Yes,North,1.909
545.15,25.29,53.01,Sandy,Rice,NPK,Yes,Central,5.708
662.2,18.41,45.73,Peaty,Wheat,DAP,No,Central,2.975
1066.68,39.38,69.02,Clay,Cotton,DAP,Yes,South,1.559
1257.26,23.92,65.74,Clay,Sugarcane,Compost,No,East,54.044
609.44,28.55,52.18,Sandy,Soybean,Urea,Yes,West,2.599
803.25,30.92,57.89,Peaty,Rice,None,Yes,South,4.399
749.41,24.1,54.12,Peaty,Maize,Urea,No,North,5.727
715.01,31.51,54.72,Loamy,Maize,None,Yes,West,6.613
904.36,27.05,38.0,Clay,Sugarcane,Compost,No,South,62.658
734.13,25.68,54.02,Sandy,Rice,NPK,Yes,South,5.677
1214.76,24.1,74.45,Silty,Wheat,Urea,Yes,East,2.809
564.05,22.02,46.26,Clay,Wheat,NPK,No,North,3.236
550.02,17.69,40.7,Loamy,Cotton,DAP,Yes,North,2.469
981.25,41.07,63.27,Peaty,Cotton,NPK,Yes,South,1.431
1003.28,34.29,46.12,Sandy,Wheat,NPK,No,East,2.435
1121.2,27.51,67.23,Clay,Maize,Urea,No,South,4.949
851.77,34.8,55.41,Silty,Soybean,DAP,Yes,Central,3.339
615.8,34.15,52.97,Loamy,Maize,Compost,No,Central,6.561
1013.04,29.98,79.18,Loamy,Cotton,DAP,No,East,2.497
812.19,25.28,58.25,Clay,Sugarcane,Compost,Yes,South,79.652
1283.4,32.37,54.96,Silty,Wheat,DAP,Yes,East,2.665
791.57,31.54,56.75,Loamy,Cotton,DAP,Yes,South,2.589
882.15,30.96,63.59,Sandy,Cotton,NPK,No,South,2.156
754.59,25.31,53.87,Loamy,Soybean,Compost,No,Central,2.824
725.86,28.89,54.41,Silty,Wheat,Urea,No,West,3.681
651.19,28.37,39.17,Peaty,Soybean,NPK,No,North,3.161
670.14,25.1,53.6,Unknown,Wheat,NPK,Yes,North,4.062
1103.93,28.85,74.43,Clay,Soybean,Compost,Yes,East,2.787
485.05,33.26,46.23,Silty,Maize,DAP,Yes,North,5.706
618.05,34.63,52.99,Loamy,Sugarcane,DAP,Yes,Central,77.237
655.73,29.5,55.35,Loamy,Sugarcane,NPK,No,West,95.227
817.25,26.17,59.09,Peaty,Wheat,NPK,No,South,3.648
801.34,31.27,57.21,Peaty,Rice,Urea,Yes,South,5.13
636.71,22.64,36.67,Sandy,Cotton,NPK,Yes,Central,2.101
865.32,26.975,58.78,Peaty,Cotton,DAP,No,North,2.045
1131.57,33.38,57.56,Sandy,Wheat,Urea,Yes,South,2.217
514.12,36.36,41.16,Loamy,Soybean,NPK,Yes,North,2.874
390.02,27.005000000000003,49.39,Sandy,Rice,Compost,Yes,Central,3.957
811.46,26.59,57.34,Sandy,Maize,DAP,Yes,South,4.846
1132.0,16.05,48.47,Clay,Soybean,Compost,No,East,1.893
415.17,30.92,45.11,Peaty,Soybean,None,Yes,West,2.696
640.58,29.62,63.55,Sandy,Wheat,Compost,No,North,2.603
630.96,29.76,42.55,Loamy,Wheat,NPK,Yes,North,4.029
552.6,19.83,52.39,Silty,Cotton,Urea,Yes,North,2.845
544.36,25.35,41.24,Sandy,Wheat,Urea,Yes,North,2.944
564.31,36.33,64.41,Peaty,Wheat,DAP,Yes,Central,3.448
804.52,21.88,61.67,Clay,Wheat,Compost,Yes,Central,3.407
746.49,29.89,48.29,Loamy,Cotton,NPK,Yes,Central,3.043
627.91,23.72,54.27,Clay,Maize,DAP,Yes,Central,7.961
782.25,29.54,57.89,Silty,Maize,DAP,No,South,6.489
520.99,26.01,35.92,Unknown,Wheat,DAP,Yes,Central,2.929
955.73,33.03,58.36,Sandy,Cotton,DAP,Yes,South,2.035
969.66,27.21,53.33,Peaty,Maize,None,No,East,4.03
671.58,31.97,55.02,Sandy,Soybean,Compost,Yes,Central,2.943
765.82,37.56,41.91,Loamy,Maize,Urea,No,East,4.686
535.72,31.93,46.26,Silty,Maize,NPK,No,Central,5.55
819.41,29.88,68.63,Clay,Cotton,NPK,No,East,2.374
765.31,32.79,66.75,Silty,Soybean,NPK,No,West,3.309
1025.75,29.81,73.9,Sandy,Cotton,Urea,Yes,East,1.493
857.55,23.96,75.23,Clay,Wheat,DAP,Yes,South,3.731
715.83,22.77,51.08,Peaty,Sugarcane,Urea,No,North,63.279
1144.62,30.45,40.66,Silty,Maize,NPK,Yes,East,5.584
715.82,23.87,63.15,Clay,Sugarcane,NPK,Yes,North,82.466
613.69,23.39,43.34,Clay,Cotton,Compost,No,West,2.069
437.84,26.05,65.23,Clay,Cotton,DAP,No,West,2.102
1155.97,18.37,63.78,Loamy,Cotton,Urea,Yes,South,1.885
978.63,23.73,72.66,Silty,Sugarcane,Urea,Yes,South,87.832
1081.74,23.32,60.4,Clay,Cotton,None,Yes,East,1.772
801.38,39.31,50.59,Silty,Wheat,Urea,No,Central,2.219
1064.52,30.76,67.11,Clay,Cotton,Urea,Yes,West,1.936
534.93,24.89,54.61,Peaty,Rice,None,No,North,3.699
915.47,23.17,49.15,Peaty,Sugarcane,Compost,No,Central,55.625
522.11,14.81,50.17,Peaty,Rice,NPK,Yes,West,5.267
1122.28,19.68,57.84,Sandy,Cotton,Urea,Yes,East,1.905
917.52,18.7,59.98,Clay,Wheat,Compost,Yes,West,3.079
892.96,22.12,57.58,Sandy,Maize,DAP,No,South,5.274
262.16,26.95,46.33,Silty,Soybean,NPK,Yes,North,2.943
635.05,26.06,52.83,Sandy,Soybean,Urea,No,North,2.76
867.46,22.54,54.53,Silty,Cotton,DAP,Yes,South,2.691
826.64,26.75,59.41,Silty,Wheat,NPK,Yes,Central,4.45
830.04,19.83,50.53,Silty,Sugarcane,Compost,No,South,71.828
908.14,29.22,71.35,Sandy,Rice,Compost,Yes,North,3.992
1015.96,30.82,60.19,Clay,Rice,Urea,No,East,4.206
818.66,29.46,63.11,Sandy,Rice,Urea,Yes,Central,4.818
500.05,32.47,45.72,Clay,Sugarcane,NPK,No,West,62.617
823.74,19.41,53.08,Clay,Soybean,NPK,No,East,3.559
505.47,27.2,57.49,Silty,Wheat,None,No,Central,2.826
356.48,22.24,53.21,Sandy,Sugarcane,NPK,Yes,North,61.27
651.77,21.24,52.05,Clay,Rice,Compost,Yes,North,5.079
909.55,19.93,43.91,Peaty,Cotton,NPK,Yes,East,2.262
509.5,39.39,46.0,Clay,Maize,Urea,Yes,Central,5.012
545.5,31.56,50.2,Peaty,Sugarcane,DAP,No,West,63.714
755.55,35.11,49.65,Sandy,Sugarcane,DAP,Yes,West,64.446
1001.8,28.76,49.86,Sandy,Wheat,Urea,Yes,South,2.83
1149.54,22.86,69.82,Sandy,Wheat,NPK,No,East,2.985
657.77,30.36,51.71,Clay,Sugarcane,Compost,No,Central,71.218
1299.57,38.71,80.46,Loamy,Rice,Compost,No,East,2.017
812.3,29.62,54.91,Clay,Maize,DAP,Yes,West,6.448
523.88,26.44,51.9,Clay,Wheat,Compost,Yes,Central,3.312
671.82,28.36,48.73,Silty,Rice,Urea,Yes,North,6.127
559.76,32.58,63.15,Silty,Cotton,NPK,Yes,North,2.506
675.24,26.92,51.09,Clay,Wheat,DAP,Yes,Central,3.229
1001.48,26.42,58.41,Peaty,Rice,NPK,No,East,5.291
900.11,23.61,50.38,Silty,Rice,Urea,Yes,East,5.411
701.35,28.77,57.06,Clay,Maize,Urea,Yes,North,6.571
463.27,20.65,46.63,Loamy,Maize,Compost,Yes,North,6.419
565.98,25.08,43.57,Peaty,Cotton,NPK,Yes,West,2.109
814.03,26.36,55.89,Sandy,Rice,Compost,Yes,Central,4.135
1325.57,21.7,72.31,Clay,Soybean,NPK,Yes,East,2.553
575.46,26.89,64.69,Clay,Rice,None,Yes,West,4.625
813.02,31.77,58.15,Peaty,Maize,None,Yes,East,5.38
720.98,34.25,50.01,Silty,Soybean,NPK,Yes,North,3.832
729.26,25.82,58.24,Silty,Wheat,NPK,No,Central,3.628
975.35,24.72,58.38,Silty,Wheat,Urea,Yes,South,3.659
705.15,25.7,54.55,Sandy,Sugarcane,NPK,Yes,Central,77.055
989.04,30.13,59.76,Peaty,Maize,DAP,No,South,6.234
704.58,23.88,57.78,Peaty,Sugarcane,None,Yes,West,59.332
821.48,23.87,61.19,Silty,Soybean,Urea,Yes,South,3.81
1005.58,28.36,59.72,Silty,Maize,DAP,No,South,6.949
725.02,29.59,82.64,Loamy,Cotton,Compost,Yes,West,2.711
644.32,28.0,60.24,Loamy,Rice,DAP,No,Central,6.213
624.05,27.62,35.85,Clay,Cotton,Urea,No,West,1.857
432.12,24.58,45.87,Clay,Soybean,Compost,Yes,North,3.169
619.28,27.1,52.23,Peaty,Maize,NPK,No,North,5.6
970.92,15.08,64.29,Peaty,Soybean,Compost,Yes,South,2.573
644.19,34.75,67.56,Sandy,Rice,Urea,Yes,West,3.653
479.19,27.81,43.83,Sandy,Wheat,NPK,No,West,3.289
346.62,37.52,56.14,Loamy,Wheat,DAP,No,West,2.195
665.29,33.44,54.93,Clay,Soybean,Urea,No,Central,2.661
1035.49,22.92,63.34,Loamy,Sugarcane,NPK,Yes,East,98.348
1096.7,25.18,71.49,Loamy,Maize,NPK,Yes,East,7.417
1169.92,21.49,50.09,Clay,Maize,Compost,Yes,East,4.401
646.43,23.65,57.21,Sandy,Wheat,Compost,Yes,Central,3.118
412.69,19.18,61.47,Clay,Cotton,DAP,No,West,1.995
922.95,22.38,50.0,Silty,Rice,Compost,Yes,East,5.428
977.49,21.82,59.57,Silty,Cotton,Urea,Yes,West,2.42
1146.63,31.41,68.36,Silty,Cotton,None,Yes,South,1.556
1064.21,18.9,45.63,Peaty,Soybean,NPK,Yes,East,3.059
835.26,38.13,59.39,Sandy,Wheat,NPK,No,South,2.354
686.31,25.39,51.64,Sandy,Wheat,Compost,Yes,Central,2.8
807.2,33.74,67.36,Peaty,Wheat,NPK,No,North,3.083
731.5,22.18,48.71,Loamy,Soybean,Compost,Yes,Central,3.698
642.92,30.89,52.52,Silty,Sugarcane,DAP,Yes,Central,85.424
898.94,19.66,51.54,Silty,Cotton,Urea,No,Central,2.287
707.85,19.63,53.2,Loamy,Soybean,Compost,Yes,East,3.339
749.32,32.47,49.24,Clay,Maize,None,Yes,South,5.23
879.26,26.39,54.5,Unknown,Rice,Urea,No,East,4.907
700.24,26.01,44.83,Sandy,Sugarcane,Urea,Yes,North,65.593
615.88,21.98,46.75,Peaty,Maize,DAP,Yes,Central,6.843
384.05,22.64,41.68,Sandy,Cotton,NPK,No,West,1.653
446.17,19.02,45.25,Clay,Wheat,DAP,No,North,3.276
829.36,24.38,55.65,Loamy,Cotton,DAP,Yes,South,3.174
539.88,28.28,27.56,Sandy,Soybean,Compost,No,North,2.174
1019.23,27.4,61.53,Silty,Rice,Compost,Yes,East,4.871
795.15,27.45,65.82,Silty,Soybean,Urea,Yes,West,3.865
953.2,16.73,65.1,Loamy,Sugarcane,Urea,Yes,East,80.058
612.59,27.98,45.32,Clay,Sugarcane,Compost,No,Central,60.108
707.0,25.41,62.32,Silty,Rice,Compost,Yes,Central,6.193
586.4,23.07,45.26,Silty,Maize,None,Yes,North,5.854
609.8,20.82,54.54,Peaty,Maize,NPK,Yes,Central,5.806
444.55,30.32,29.56,Sandy,Sugarcane,Urea,No,Central,54.322
826.52,16.37,61.41,Clay,Sugarcane,Compost,Yes,South,74.429
904.26,20.83,60.46,Sandy,Wheat,DAP,Yes,South,2.97
988.18,27.74,60.87,Clay,Maize,Urea,No,East,6.095
1186.58,24.43,63.87,Silty,Rice,None,No,East,3.585
975.38,28.89,74.45,Peaty,Maize,NPK,Yes,South,6.257
470.81,27.48,56.41,Sandy,Wheat,Urea,Yes,North,3.749
1120.36,23.6,68.13,Silty,Soybean,DAP,No,South,2.877
869.64,18.54,61.84,Clay,Sugarcane,Urea,No,East,68.42
398.73,30.77,64.02,Sandy,Sugarcane,DAP,Yes,West,59.143
751.61,26.14,53.02,Sandy,Wheat,Compost,Yes,Central,3.26
532.42,20.42,39.54,Silty,Rice,DAP,Yes,West,5.663
641.5,16.5,66.57,Sandy,Sugarcane,None,Yes,West,55.699
539.2,28.66,46.98,Peaty,Cotton,Urea,No,Central,1.757
900.68,23.82,61.98,Peaty,Sugarcane,Compost,Yes,South,72.175
622.72,21.27,56.63,Silty,Cotton,NPK,No,North,2.633
744.89,32.89,49.03,Clay,Wheat,Compost,No,West,2.459
379.26,17.63,36.28,Silty,Wheat,Urea,No,North,2.639
796.88,25.75,64.47,Peaty,Sugarcane,Urea,No,East,67.884
709.62,30.62,64.34,Loamy,Maize,DAP,Yes,West,7.659
943.06,29.44,63.93,Loamy,Cotton,None,Yes,East,2.347
816.49,20.48,59.55,Sandy,Rice,None,No,South,3.48
632.36,33.59,41.46,Sandy,Sugarcane,None,No,West,35.31
974.44,34.1,56.83,Loamy,Rice,NPK,Yes,East,5.23
1056.09,32.12,70.83,Peaty,Sugarcane,DAP,No,East,59.51
973.13,22.67,53.22,Sandy,Maize,None,Yes,South,4.483
697.58,25.87,55.01,Silty,Maize,None,Yes,North,6.275
511.27,33.29,53.91,Silty,Maize,DAP,Yes,North,6.436
799.37,29.22,60.1,Peaty,Soybean,DAP,No,West,3.01
988.13,23.81,51.57,Sandy,Maize,Compost,Yes,South,5.703
780.95,25.94,54.68,Silty,Wheat,Urea,Yes,West,4.037
383.98,19.38,54.45,Sandy,Wheat,Urea,No,North,2.436
884.54,32.75,72.56,Sandy,Soybean,None,No,South,1.843
984.29,26.49,57.96,Silty,Cotton,None,No,Central,1.846
694.32,35.71,57.18,Loamy,Rice,Urea,Yes,South,5.967
1168.73,17.87,54.1,Silty,Sugarcane,DAP,Yes,South,66.73
962.09,22.14,57.3,Peaty,Sugarcane,NPK,Yes,Central,82.075
1109.79,26.74,58.2,Clay,Soybean,NPK,No,East,2.808
797.99,38.31,71.46,Silty,Wheat,DAP,No,East,2.905
967.51,27.39,65.22,Sandy,Sugarcane,NPK,No,East,62.265
668.88,23.2,54.13,Sandy,Wheat,NPK,No,North,3.295
701.13,27.09,38.79,Silty,Cotton,None,Yes,South,2.079
801.43,23.62,58.5,Clay,Rice,DAP,No,Central,5.738
566.2,31.73,53.87,Silty,Cotton,Urea,Yes,North,2.353
614.65,31.31,50.48,Clay,Soybean,None,Yes,Central,2.764
382.12,35.05,48.02,Clay,Maize,Urea,Yes,North,5.293
768.86,18.79,69.79,Peaty,Maize,NPK,No,North,5.845
666.52,17.97,60.92,Sandy,Maize,Urea,No,North,5.234
675.26,25.84,46.42,Sandy,Cotton,DAP,Yes,Central,2.168
655.22,31.08,68.72,Clay,Sugarcane,DAP,Yes,West,78.774
509.83,32.12,43.84,Sandy,Rice,Urea,Yes,North,4.119
993.96,28.2,67.51,Loamy,Maize,None,No,East,6.206
1093.27,31.07,56.07,Clay,Soybean,Urea,No,South,2.593
682.83,34.57,52.45,Sandy,Soybean,NPK,No,West,2.712
793.16,23.06,38.96,Loamy,Maize,NPK,No,West,7.343
631.87,34.34,56.86,Peaty,Maize,DAP,Yes,Central,6.264
663.82,34.49,37.57,Sandy,Rice,NPK,Yes,West,4.705
747.99,24.24,56.62,Loamy,Maize,DAP,Yes,Central,8.773
854.67,22.25,53.62,Silty,Rice,NPK,Yes,Central,6.497
1268.95,30.79,61.99,Silty,Soybean,Compost,Yes,East,2.247
497.69,36.95,53.11,Loamy,Maize,DAP,Yes,North,6.49
597.86,22.78,58.51,Clay,Cotton,DAP,No,West,2.294
513.14,36.6,60.73,Clay,Cotton,NPK,Yes,North,2.174
460.55,22.2,51.495000000000005,Sandy,Soybean,None,Yes,North,1.574
559.76,25.9,56.45,Silty,Rice,Urea,Yes,North,5.35
700.96,21.35,48.57,Clay,Cotton,Compost,Yes,Central,2.205
952.96,29.15,63.88,Clay,Rice,DAP,No,North,5.416
745.8,27.68,59.58,Silty,Cotton,NPK,No,West,2.745
687.61,27.25,46.99,Peaty,Cotton,Urea,Yes,Central,2.401
524.36,23.86,60.1,Clay,Rice,NPK,No,West,5.536
693.93,24.86,57.16,Loamy,Sugarcane,Urea,Yes,Central,94.207
815.44,27.19,70.62,Sandy,Cotton,Compost,Yes,South,1.886
1107.05,27.19,64.68,Clay,Maize,NPK,Yes,South,6.559
994.65,26.79,43.87,Clay,Soybean,NPK,No,South,2.803
1150.64,19.52,56.43,Peaty,Sugarcane,NPK,Yes,South,67.702
656.44,16.25,51.84,Loamy,Rice,Compost,Yes,Central,5.813
571.2,28.73,44.67,Sandy,Sugarcane,NPK,No,North,65.906
985.39,28.9,52.66,Clay,Wheat,Compost,Yes,East,3.238
943.93,28.17,74.11,Sandy,Wheat,None,Yes,East,2.702
745.64,29.64,44.92,Silty,Cotton,Compost,No,South,2.114
657.91,24.74,48.92,Clay,Cotton,Compost,Yes,North,2.538
701.15,25.24,54.55,Clay,Maize,Urea,No,West,6.663
542.91,24.61,40.34,Silty,Soybean,Compost,No,North,2.886
725.44,17.95,52.18,Peaty,Sugarcane,Urea,No,West,52.759
938.18,29.87,39.85,Clay,Wheat,NPK,No,East,3.179
552.28,30.93,46.64,Sandy,Cotton,NPK,No,North,1.905
679.3,31.66,44.64,Loamy,Soybean,None,No,North,2.774
1149.8,25.45,60.54,Sandy,Sugarcane,Urea,No,East,60.804
779.23,23.41,55.14,Peaty,Cotton,Urea,No,North,2.323
483.57,24.65,60.46,Loamy,Cotton,NPK,No,West,2.7
405.61,24.42,43.23,Sandy,Wheat,DAP,No,North,2.481
477.21,16.98,66.64,Sandy,Wheat,Compost,Yes,West,2.243
802.77,28.49,57.75,Silty,Cotton,NPK,No,South,2.744
499.72,31.22,42.45,Peaty,Rice,Compost,Yes,North,4.46
715.56,28.08,55.39,Silty,Cotton,Urea,Yes,West,2.808
1174.68,27.11,73.38,Loamy,Soybean,NPK,Yes,East,3.43
840.92,23.86,48.28,Silty,Cotton,Urea,No,South,2.284
636.1,30.81,68.26,Peaty,Maize,NPK,Yes,North,7.046
841.7,26.56,61.09,Clay,Maize,Urea,No,West,6.378
481.71,20.91,40.48,Clay,Maize,NPK,Yes,North,6.944
607.81,27.075,47.98,Loamy,Rice,Urea,Yes,West,5.413
559.92,30.23,47.87,Clay,Rice,NPK,Yes,North,5.361
648.66,35.27,61.84,Silty,Cotton,Urea,No,South,2.043
976.69,32.81,50.1,Loamy,Maize,NPK,No,South,6.575
369.27,23.88,59.7,Peaty,Rice,Compost,Yes,North,4.314
668.46,25.57,62.5,Loamy,Wheat,Urea,Yes,North,4.236
635.36,32.06,66.02,Loamy,Cotton,NPK,No,Central,2.829
473.44,21.12,49.94,Sandy,Soybean,Compost,Yes,North,2.626
403.2,35.28,57.94,Sandy,Sugarcane,Urea,Yes,North,62.33
981.15,28.64,57.7,Loamy,Cotton,Urea,Yes,South,2.955
630.17,31.14,60.78,Clay,Sugarcane,DAP,No,North,69.971
931.73,28.61,59.33,Sandy,Maize,Urea,Yes,East,5.341
819.65,27.27,70.8,Peaty,Sugarcane,Urea,Yes,North,71.611
705.14,25.55,56.25,Silty,Maize,DAP,No,Central,7.476
647.91,26.27,46.2,Sandy,Wheat,Compost,No,West,2.606
908.9,13.65,70.28,Loamy,Sugarcane,Compost,Yes,South,67.757
897.95,29.81,59.63,Clay,Cotton,Urea,Yes,East,2.277
500.92,37.89,45.73,Silty,Maize,None,Yes,West,3.984
943.97,22.85,54.21,Sandy,Cotton,NPK,Yes,East,2.67
995.1,19.66,52.78,Clay,Rice,DAP,Yes,South,4.787
422.3,34.84,36.99,Clay,Maize,Urea,Yes,Central,4.134
675.07,28.89,50.12,Clay,Sugarcane,None,Yes,South,64.796
908.87,31.52,59.82,Loamy,Maize,Compost,No,East,6.073
730.89,29.52,51.57,Peaty,Cotton,DAP,No,East,2.262
687.49,22.36,23.5,Clay,Wheat,Compost,Yes,South,2.755
671.42,31.54,41.13,Silty,Maize,NPK,No,North,6.91
834.26,24.54,64.21,Sandy,Sugarcane,Urea,Yes,South,60.535
573.12,22.87,50.55,Silty,Rice,NPK,No,Central,5.906
920.99,27.19,44.77,Loamy,Soybean,NPK,Yes,South,4.12
667.25,27.86,50.5,Loamy,Wheat,Compost,No,West,3.566
724.69,29.07,55.49,Silty,Rice,NPK,No,North,5.722
383.07,28.89,55.3,Peaty,Maize,Urea,Yes,West,5.607
761.03,31.15,49.73,Loamy,Cotton,Compost,No,South,2.229
460.45,33.48,54.28,Loamy,Cotton,DAP,No,North,2.348
708.67,28.06,54.0,Silty,Sugarcane,DAP,Yes,West,83.42
1083.78,34.22,58.71,Loamy,Cotton,DAP,No,West,2.164
637.96,32.66,59.74,Peaty,Wheat,DAP,No,North,2.671
510.12,30.7,42.64,Peaty,Cotton,Urea,No,North,1.626
818.01,24.13,63.94,Peaty,Sugarcane,DAP,No,East,74.121
349.24,31.9,37.85,Sandy,Soybean,DAP,Yes,North,2.238
1035.47,29.14,56.1,Peaty,Maize,NPK,No,South,5.361
580.78,20.29,48.54,Peaty,Maize,Urea,No,Central,5.979
946.89,21.08,58.05,Sandy,Cotton,NPK,Yes,East,2.302
798.59,20.93,35.62,Clay,Rice,Urea,Yes,North,4.907
442.81,21.03,49.7,Loamy,Maize,Urea,No,Central,6.506
1040.57,21.52,46.19,Peaty,Soybean,DAP,No,East,2.389
764.45,31.18,56.63,Loamy,Cotton,Urea,Yes,South,2.557
945.44,27.41,61.1,Silty,Sugarcane,Compost,Yes,Central,79.089
409.21,31.41,56.0,Loamy,Soybean,DAP,Yes,North,3.184
650.34,21.4,42.32,Sandy,Cotton,None,No,North,1.182
628.77,19.29,54.41,Loamy,Soybean,None,No,South,2.818
1232.99,22.68,64.28,Loamy,Maize,DAP,Yes,East,5.865
837.96,30.46,52.22,Loamy,Sugarcane,NPK,Yes,Central,92.145
816.57,30.74,47.73,Clay,Cotton,Urea,No,South,1.93
1058.95,25.86,61.83,Clay,Wheat,Compost,Yes,East,2.865
793.6,28.61,66.57,Silty,Sugarcane,NPK,No,West,84.57
672.92,24.47,51.53,Sandy,Wheat,Urea,Yes,West,3.44
941.72,23.37,68.86,Loamy,Soybean,Urea,Yes,East,4.166
535.29,28.99,59.87,Loamy,Rice,Urea,Yes,North,6.193
566.5,30.31,34.22,Loamy,Sugarcane,DAP,No,North,61.701
658.45,35.95,46.3,Loamy,Soybean,Compost,No,West,2.823
615.18,22.01,47.91,Clay,Wheat,DAP,No,North,3.457
396.81,21.38,58.53,Silty,Maize,DAP,No,North,5.653
902.77,24.52,57.9,Peaty,Maize,Compost,Yes,East,5.876
941.48,30.07,69.15,Sandy,Rice,NPK,Yes,East,5.469
620.65,37.04,51.32,Loamy,Sugarcane,Urea,Yes,North,78.674
770.79,27.71,65.97,Silty,Sugarcane,NPK,No,East,82.619
723.09,22.69,58.08,Peaty,Sugarcane,NPK,Yes,Central,95.585
767.12,21.3,54.58,Silty,Soybean,NPK,No,West,3.752
707.26,24.09,63.54,Clay,Rice,NPK,No,Central,6.519
711.28,28.15,50.19,Peaty,Sugarcane,Compost,Yes,Central,64.091
504.62,30.56,66.26,Silty,Soybean,Urea,No,North,2.964
559.34,28.09,39.49,Clay,Maize,Compost,No,North,4.122
633.83,23.4,49.23,Silty,Wheat,None,No,Central,2.904
675.04,20.46,54.31,Silty,Soybean,Compost,No,Central,3.301
833.75,30.28,50.74,Peaty,Maize,Urea,No,South,6.377
873.09,24.25,60.62,Clay,Maize,Urea,Yes,South,6.383
602.36,24.66,51.08,Loamy,Wheat,None,No,West,3.324
522.82,21.93,53.1,Sandy,Maize,Urea,Yes,Central,5.62
774.16,19.23,48.37,Peaty,Rice,Urea,Yes,East,5.218
911.88,35.22,50.11,Clay,Wheat,DAP,No,South,2.739
640.58,23.71,52.58,Silty,Maize,None,No,North,5.398
933.14,17.18,64.5,Clay,Cotton,DAP,Yes,Central,1.935
1164.64,27.81,78.04,Sandy,Soybean,DAP,Yes,East,2.498
1135.63,26.26,48.09,Sandy,Maize,Compost,No,East,4.69
1034.38,17.64,59.11,Loamy,Rice,Urea,No,East,4.495
567.89,32.7,54.9,Loamy,Sugarcane,NPK,Yes,North,94.093
781.63,30.31,58.55,Sandy,Maize,Compost,No,South,4.881
864.66,31.21,47.53,Peaty,Sugarcane,Compost,Yes,East,54.019
928.58,28.34,52.76,Peaty,Cotton,NPK,No,South,2.184
524.75,20.48,50.38,Silty,Maize,None,No,West,4.837
536.41,26.69,72.2,Loamy,Wheat,DAP,No,North,3.99
525.34,24.6,58.05,Silty,Sugarcane,Urea,No,South,78.795
970.07,23.75,62.2,Loamy,Cotton,NPK,Yes,South,2.914
844.79,35.18,35.35,Sandy,Wheat,DAP,No,East,2.453
785.83,22.04,45.18,Peaty,Wheat,None,Yes,East,2.562
658.37,24.68,43.34,Peaty,Wheat,None,Yes,North,2.769
1044.46,27.19,63.75,Sandy,Wheat,Urea,Yes,South,2.86
687.33,28.97,52.66,Silty,Maize,None,Yes,Central,6.556
892.43,35.46,52.77,Silty,Soybean,DAP,Yes,East,2.639
1107.74,26.18,64.83,Clay,Maize,Compost,Yes,East,5.613
534.65,28.45,38.61,Loamy,Maize,Urea,No,West,6.86
526.35,20.98,44.01,Silty,Cotton,NPK,No,North,2.369
1102.25,29.88,61.52,Sandy,Cotton,Compost,Yes,South,2.176
956.29,36.68,74.08,Silty,Soybean,Compost,No,South,2.217
893.08,24.86,65.03,Peaty,Cotton,None,Yes,South,1.903
958.62,31.02,62.62,Loamy,Rice,Compost,Yes,East,5.25
556.57,19.95,47.93,Clay,Soybean,DAP,Yes,North,3.24
939.9,25.27,58.65,Loamy,Cotton,NPK,Yes,South,3.034
531.17,25.53,60.35,Peaty,Soybean,NPK,Yes,Central,3.473
831.24,28.76,71.23,Peaty,Maize,None,No,West,4.367
581.28,26.3,49.71,Peaty,Maize,None,Yes,West,4.551
869.32,32.65,60.99,Peaty,Soybean,DAP,Yes,South,3.037
1122.04,24.43,69.75,Unknown,Rice,DAP,Yes,East,4.201
628.78,30.65,55.85,Clay,Rice,DAP,No,West,4.794
782.15,27.81,45.17,Peaty,Soybean,NPK,Yes,West,3.937
642.95,21.61,46.9,Peaty,Cotton,DAP,No,West,2.205
664.9,15.86,59.22,Silty,Sugarcane,NPK,Yes,West,79.79
932.31,27.73,54.14,Clay,Rice,Urea,Yes,South,5.465
606.09,23.58,66.47,Loamy,Wheat,Urea,Yes,North,4.505
633.93,28.38,50.22,Clay,Maize,Urea,No,North,5.92
1157.8,20.7,52.49,Clay,Soybean,Urea,No,East,2.379
848.89,29.67,65.25,Clay,Wheat,Compost,Yes,Central,3.131
431.01,34.84,45.74,Peaty,Soybean,Urea,Yes,North,2.895
918.13,25.8,56.12,Peaty,Maize,Urea,Yes,Central,6.183
294.92,17.02,52.84,Sandy,Maize,Urea,Yes,North,4.556
455.32,26.72,41.18,Loamy,Rice,NPK,Yes,North,6.486
979.33,23.44,60.24,Silty,Rice,NPK,No,East,5.7
475.06,22.26,39.81,Clay,Wheat,Urea,No,West,3.434
1041.97,25.95,61.45,Loamy,Soybean,NPK,Yes,East,3.742
660.98,31.98,40.11,Loamy,Maize,DAP,No,North,6.159
543.11,24.12,44.14,Sandy,Wheat,Urea,No,West,2.52
719.52,30.49,61.58,Silty,Sugarcane,Compost,Yes,West,75.264
775.53,25.92,65.89,Clay,Wheat,Urea,Yes,West,3.849
409.67,26.55,41.11,Silty,Cotton,NPK,No,Central,2.298
576.14,32.46,44.36,Sandy,Wheat,Urea,No,North,2.396
956.0,25.6,59.94,Peaty,Cotton,None,Yes,South,1.852
862.42,30.83,50.78,Loamy,Cotton,Urea,No,East,2.462
520.76,25.86,57.92,Clay,Cotton,Compost,Yes,Central,2.486
896.83,29.8,46.82,Peaty,Sugarcane,None,No,East,47.888
871.94,25.67,52.42,Sandy,Wheat,Urea,Yes,South,3.202
537.4,27.86,65.25,Silty,Wheat,Compost,No,West,3.404
983.34,28.29,62.69,Loamy,Sugarcane,DAP,Yes,South,89.747
1063.92,30.38,65.95,Clay,Maize,Compost,Yes,East,5.367
956.39,29.4,57.61,Peaty,Rice,Urea,Yes,South,5.252
738.73,22.78,43.08,Peaty,Wheat,Urea,Yes,North,3.214
996.82,36.1,72.33,Loamy,Rice,Compost,No,South,4.025
592.51,27.13,53.41,Silty,Soybean,DAP,Yes,North,3.622
716.3,31.58,61.92,Sandy,Soybean,Compost,Yes,South,2.567
723.62,15.05,52.28,Silty,Sugarcane,Urea,Yes,North,73.388
740.0,31.02,54.59,Silty,Soybean,DAP,No,North,3.545
850.64,30.83,53.81,Silty,Soybean,Compost,Yes,South,3.097
578.6,28.17,53.22,Loamy,Maize,Compost,Yes,Central,7.641
763.19,15.72,51.5,Loamy,Maize,DAP,No,West,6.168
376.95,23.39,40.64,Sandy,Maize,DAP,Yes,West,4.878
709.75,21.88,52.61,Silty,Soybean,DAP,No,West,3.305
774.52,32.81,59.71,Loamy,Sugarcane,Urea,Yes,North,89.569
592.83,20.98,61.17,Sandy,Cotton,DAP,No,West,1.79
586.33,29.77,40.95,Sandy,Cotton,Urea,Yes,North,2.3
715.15,25.55,61.4,Silty,Rice,Compost,No,Central,5.354
1056.5,32.41,55.54,Clay,Cotton,Compost,Yes,South,1.57
915.92,28.14,50.26,Silty,Cotton,DAP,Yes,South,2.378
498.59,23.77,42.35,Clay,Maize,DAP,Yes,North,6.745
322.12,23.13,67.27,Sandy,Maize,Urea,No,North,3.704
714.14,24.79,60.24,Loamy,Soybean,Compost,No,Central,3.723
639.53,11.54,43.58,Peaty,Rice,None,Yes,West,2.408
394.82,35.85,43.48,Sandy,Wheat,NPK,Yes,Central,2.816
749.0,33.57,44.12,Loamy,Rice,NPK,No,South,5.889
810.35,27.34,45.62,Sandy,Rice,NPK,No,South,4.805
560.39,31.7,40.31,Silty,Sugarcane,DAP,No,West,72.387
895.77,26.82,49.58,Clay,Soybean,Urea,No,South,3.184
533.53,29.18,56.8,Sandy,Sugarcane,Compost,Yes,North,57.693
890.59,31.93,66.34,Loamy,Rice,Urea,Yes,South,5.39
1338.94,25.81,59.41,Silty,Rice,Compost,Yes,East,2.605
583.79,30.87,48.37,Peaty,Rice,NPK,No,West,4.909
519.59,18.02,57.1,Silty,Cotton,NPK,Yes,West,2.582
885.05,28.07,57.99,Clay,Sugarcane,DAP,Yes,West,74.296
1219.59,26.93,67.18,Silty,Rice,Compost,Yes,East,4.184
537.67,25.3,46.61,Peaty,Maize,Compost,Yes,Central,6.546
732.01,25.97,66.89,Loamy,Soybean,NPK,Yes,North,4.509
373.0,25.79,61.2,Sandy,Soybean,NPK,Yes,West,3.365
1330.56,32.54,72.39,Clay,Maize,None,No,South,2.241
817.43,26.71,51.55,Peaty,Soybean,Urea,Yes,North,3.287
979.79,41.11,49.06,Clay,Cotton,DAP,Yes,South,1.447
678.79,22.3,67.54,Silty,Cotton,DAP,No,North,2.653
616.56,29.77,54.95,Clay,Wheat,Urea,No,North,2.835
801.15,31.47,56.97,Peaty,Wheat,None,No,South,2.79
1079.35,25.05,67.28,Sandy,Wheat,None,Yes,South,2.285
753.42,20.93,55.29,Sandy,Soybean,Urea,No,North,2.981
540.91,24.74,48.7,Clay,Cotton,Urea,Yes,West,2.538
895.2,20.39,75.63,Loamy,Cotton,DAP,Yes,South,2.394
815.02,22.88,65.75,Clay,Cotton,NPK,No,East,2.524
992.85,28.94,73.15,Silty,Maize,DAP,No,East,6.57
509.86,39.95,62.85,Sandy,Cotton,Urea,Yes,North,1.423
887.87,35.68,41.9,Sandy,Maize,Urea,No,Central,4.079
790.13,23.96,62.46,Sandy,Wheat,DAP,No,North,2.876
390.45,31.73,51.8,Loamy,Wheat,None,No,North,2.448
765.37,25.18,50.38,Loamy,Soybean,DAP,Yes,West,3.976
781.95,22.65,79.17,Peaty,Wheat,DAP,Yes,West,3.459
437.82,26.59,49.98,Clay,Soybean,Urea,Yes,Central,3.084
844.75,16.06,52.77,Clay,Rice,Compost,Yes,Central,3.606
478.28,18.6,48.47,Silty,Rice,NPK,Yes,Central,5.492
623.32,31.57,57.42,Sandy,Sugarcane,DAP,No,Central,56.26
564.85,33.82,54.87,Loamy,Soybean,DAP,No,Central,2.992
314.33,14.55,42.08,Silty,Sugarcane,NPK,Yes,North,58.086
559.76,34.29,61.03,Silty,Sugarcane,Urea,Yes,North,74.726
858.67,32.79,57.44,Loamy,Rice,Compost,Yes,East,5.101
940.56,25.26,56.8,Clay,Soybean,DAP,No,East,2.948
904.26,29.27,56.31,Sandy,Rice,DAP,Yes,South,4.801
661.45,36.09,43.9,Clay,Sugarcane,NPK,No,North,70.027
554.7,33.13,43.36,Silty,Soybean,NPK,No,Central,3.082
973.12,29.47,51.04,Sandy,Sugarcane,Compost,Yes,South,64.19
615.35,23.83,33.24,Peaty,Cotton,Urea,Yes,West,2.086
398.79,24.95,50.71,Silty,Soybean,Compost,Yes,North,3.698
1153.08,30.5,54.92,Clay,Soybean,Compost,No,East,2.015
861.77,29.71,53.93,Clay,Sugarcane,Compost,No,North,54.988
580.59,32.81,49.2,Clay,Cotton,NPK,No,North,2.269
458.65,19.78,41.28,Loamy,Maize,Urea,No,North,6.187
439.64,29.22,45.87,Silty,Rice,Compost,Yes,North,4.298
770.96,30.6,56.06,Sandy,Sugarcane,Compost,Yes,West,62.559
1002.03,25.79,54.48,Unknown,Soybean,DAP,No,East,3.431
390.65,38.91,40.48,Clay,Rice,NPK,No,North,3.552
396.02,22.68,43.04,Loamy,Rice,Urea,No,West,4.225
957.18,26.72,66.76,Sandy,Rice,DAP,No,South,3.681
360.2,30.65,42.66,Silty,Maize,None,Yes,North,5.455
589.61,31.32,53.14,Peaty,Wheat,DAP,Yes,West,3.205
944.31,25.77,54.88,Loamy,Sugarcane,DAP,No,Central,89.705
775.33,25.76,54.65,Silty,Wheat,Compost,No,South,3.658
1158.05,30.49,69.94,Peaty,Wheat,None,Yes,East,2.092
396.82,29.32,40.75,Clay,Wheat,None,Yes,North,2.311
681.2,27.46,71.45,Clay,Rice,Compost,Yes,North,5.817
736.27,17.7,57.58,Sandy,Cotton,Urea,Yes,West,1.666
1073.23,27.74,63.1,Peaty,Rice,None,Yes,East,4.092
608.7,35.08,43.78,Clay,Rice,Compost,No,Central,3.514
995.53,29.95,65.11,Clay,Soybean,DAP,No,South,2.794
1056.19,23.12,74.43,Sandy,Soybean,NPK,No,East,2.716
833.19,19.71,50.62,Silty,Wheat,DAP,No,North,3.807
557.61,31.79,43.12,Clay,Rice,Urea,Yes,West,4.409
892.9,24.7,58.23,Loamy,Wheat,NPK,No,Central,4.305
514.91,33.68,42.22,Loamy,Soybean,Compost,Yes,West,3.175
864.18,33.56,53.67,Silty,Cotton,DAP,No,South,2.144
904.22,26.26,64.78,Peaty,Sugarcane,DAP,No,East,65.785
575.68,28.63,65.66,Sandy,Wheat,Compost,Yes,West,2.821
626.39,29.25,59.57,Loamy,Cotton,Urea,Yes,West,3.084
766.26,21.0,48.44,Loamy,Sugarcane,DAP,Yes,North,95.778
718.5,35.53,52.16,Silty,Maize,Compost,Yes,West,5.915
885.11,29.5,54.91,Peaty,Wheat,NPK,Yes,Central,4.157
1002.19,27.77,60.84,Peaty,Wheat,Compost,No,East,2.624
1092.41,31.93,68.92,Silty,Maize,NPK,No,South,5.975
684.05,28.53,47.27,Loamy,Maize,NPK,Yes,West,8.104
581.61,21.56,69.14,Sandy,Wheat,NPK,Yes,Central,3.82
1058.4,22.97,52.84,Loamy,Maize,Urea,No,South,5.682
922.59,16.27,51.81,Peaty,Rice,NPK,Yes,Central,4.931
745.75,27.33,48.51,Loamy,Sugarcane,DAP,Yes,West,92.651
774.63,29.76,75.17,Sandy,Sugarcane,Urea,No,West,65.931
1191.87,26.06,60.05,Clay,Sugarcane,Urea,Yes,East,57.765
509.49,21.22,43.67,Loamy,Rice,NPK,Yes,North,6.665
592.31,24.52,48.16,Silty,Maize,Urea,Yes,Central,7.279
604.4,25.16,51.33,Clay,Cotton,Urea,Yes,North,2.31
808.97,31.34,52.33,Silty,Maize,NPK,Yes,North,7.573
945.18,34.16,66.11,Silty,Wheat,NPK,Yes,South,3.577
994.46,13.32,63.81,Silty,Soybean,Compost,Yes,South,2.623
711.21,26.61,55.84,Loamy,Sugarcane,Urea,No,Central,79.992
594.19,23.98,58.44,Peaty,Maize,Urea,No,North,5.718
920.8,25.7,61.93,Clay,Cotton,Compost,No,East,2.247
632.24,31.21,58.03,Sandy,Wheat,Urea,Yes,North,3.447
1031.67,24.5,62.02,Peaty,Rice,Compost,Yes,South,4.671
324.62,30.42,60.27,Loamy,Rice,Urea,Yes,North,5.146
424.83,36.96,49.55,Silty,Cotton,None,No,West,1.118
386.92,24.75,46.55,Sandy,Wheat,Compost,Yes,West,2.533
1221.32,25.91,70.81,Clay,Sugarcane,Urea,Yes,East,54.831
561.28,25.8,55.77,Peaty,Maize,NPK,Yes,Central,6.622
602.76,38.93,51.89,Peaty,Wheat,DAP,No,North,2.194
917.75,24.5,45.25,Sandy,Rice,DAP,No,West,4.071
749.88,34.35,66.28,Loamy,Cotton,NPK,Yes,Central,2.782
727.14,26.82,64.48,Clay,Cotton,DAP,No,West,2.41
573.53,27.85,44.67,Sandy,Maize,DAP,Yes,Central,6.324
749.98,31.14,58.33,Silty,Cotton,DAP,Yes,Central,2.69
647.8399999999999,25.14,45.83,Clay,Cotton,Urea,Yes,West,2.437
614.5,31.91,56.52,Peaty,Wheat,Urea,Yes,South,3.114
707.85,25.62,63.08,Sandy,Sugarcane,NPK,Yes,Central,81.094
598.12,21.66,50.92,Peaty,Maize,Compost,No,North,5.367
570.74,32.08,57.11,Peaty,Wheat,DAP,No,West,2.511
788.01,30.05,44.49,Peaty,Sugarcane,DAP,Yes,South,72.875
617.99,24.07,45.48,Loamy,Wheat,None,Yes,West,3.273
890.99,32.76,60.05,Peaty,Soybean,None,Yes,East,2.05
661.33,22.08,48.11,Silty,Wheat,Compost,Yes,North,3.592
1067.03,29.11,54.72,Silty,Cotton,NPK,No,East,2.209
944.21,18.54,53.08,Clay,Sugarcane,NPK,Yes,Central,73.046
646.67,25.05,44.31,Peaty,Maize,DAP,No,Central,5.178
1010.47,22.79,68.25,Peaty,Maize,Urea,Yes,East,6.714
1026.04,20.7,69.15,Sandy,Sugarcane,Urea,Yes,East,55.723
644.05,27.12,46.8,Loamy,Cotton,NPK,Yes,Central,2.904
602.48,28.66,43.19,Clay,Rice,NPK,No,South,5.305
616.58,30.07,51.58,Peaty,Wheat,NPK,No,North,3.552
1000.22,27.075,50.64,Sandy,Cotton,Urea,Yes,West,1.771
1149.9,29.15,68.64,Loamy,Soybean,Compost,No,East,2.728
843.73,21.38,56.96,Clay,Sugarcane,NPK,No,North,81.068
784.52,22.6,52.79,Clay,Wheat,NPK,Yes,West,4.019
627.2,26.91,60.72,Peaty,Maize,Urea,Yes,West,6.73
1090.24,22.62,54.26,Clay,Rice,NPK,Yes,East,4.679
1060.48,27.03,57.8,Sandy,Soybean,Urea,Yes,South,2.468
659.9,23.75,43.62,Clay,Maize,NPK,No,South,6.34
616.72,26.21,41.3,Silty,Sugarcane,Compost,Yes,North,75.172
535.24,18.68,43.45,Sandy,Wheat,Urea,Yes,North,2.938
921.62,18.44,51.95,Loamy,Sugarcane,NPK,Yes,Central,82.907
955.85,23.41,51.9,Loamy,Wheat,Urea,Yes,South,4.212
180.95,20.37,42.89,Peaty,Cotton,NPK,Yes,North,1.627
765.98,13.88,54.52,Peaty,Rice,DAP,No,Central,4.083
340.72,29.41,34.4,Silty,Cotton,NPK,Yes,West,2.086
741.12,31.86,61.2,Loamy,Cotton,None,Yes,North,2.242
584.82,31.38,39.57,Loamy,Sugarcane,DAP,Yes,Central,74.466
730.39,26.28,40.79,Loamy,Rice,Compost,No,South,5.19
534.34,26.18,58.98,Loamy,Wheat,Compost,Yes,West,4.156
415.95,27.5,39.5,Clay,Wheat,Urea,Yes,North,3.464
876.64,23.73,60.39,Sandy,Soybean,Compost,Yes,South,2.779
520.92,27.075,45.75,Sandy,Maize,NPK,Yes,West,5.266
954.88,32.94,51.06,Silty,Soybean,None,Yes,East,2.735
904.26,27.07,43.89,Clay,Soybean,NPK,No,South,3.336
962.25,26.76,62.29,Loamy,Wheat,Compost,No,East,3.567
763.39,25.42,47.8,Loamy,Sugarcane,NPK,Yes,North,94.506
632.71,29.97,61.42,Peaty,Cotton,NPK,Yes,Central,2.493
643.62,26.41,40.69,Peaty,Cotton,Compost,No,North,1.862
711.56,24.55,65.55,Silty,Cotton,Urea,Yes,South,2.846
1086.95,25.32,45.1,Loamy,Rice,DAP,Yes,East,5.098
1170.64,27.32,65.69,Silty,Wheat,NPK,Yes,East,3.242
863.78,21.24,47.87,Clay,Sugarcane,Compost,No,West,63.41
580.11,34.07,38.87,Sandy,Rice,NPK,No,North,3.398
650.72,23.96,52.21,Loamy,Maize,Urea,Yes,North,8.109
707.92,23.02,59.57,Clay,Sugarcane,None,Yes,South,71.118
942.49,25.11,57.28,Loamy,Soybean,DAP,No,East,3.743
779.96,31.55,55.25,Peaty,Sugarcane,NPK,Yes,South,91.116
949.27,25.66,60.61,Silty,Sugarcane,Urea,No,South,80.728
920.77,32.82,63.35,Peaty,Cotton,Urea,Yes,East,2.291
1003.02,25.35,73.23,Sandy,Sugarcane,NPK,No,South,66.611
1370.29,19.9,61.45,Peaty,Soybean,None,No,East,0.974
993.24,22.83,63.69,Loamy,Soybean,DAP,Yes,South,3.467
911.75,23.57,53.65,Peaty,Wheat,Urea,Yes,Central,3.466
722.32,30.24,53.05,Loamy,Sugarcane,DAP,Yes,South,93.829
887.25,24.71,63.2,Sandy,Cotton,Urea,Yes,South,2.284
732.53,21.1,56.1,Peaty,Sugarcane,Urea,No,Central,66.257
559.76,19.76,45.23,Silty,Maize,NPK,Yes,North,7.491
1276.5,17.84,66.37,Silty,Maize,None,No,East,2.585
538.42,40.27,53.59,Silty,Cotton,Urea,Yes,West,1.67
748.47,23.25,60.02,Peaty,Wheat,Compost,No,Central,3.204
185.73,29.21,52.85,Peaty,Wheat,DAP,Yes,North,2.791
963.7,27.19,73.61,Peaty,Soybean,Urea,No,South,2.994
625.89,33.14,52.54,Loamy,Soybean,Urea,Yes,North,3.666
692.16,22.71,45.02,Sandy,Rice,Compost,Yes,Central,4.459
959.3,36.35,61.72,Silty,Cotton,Urea,Yes,South,2.198
465.33,36.86,38.6,Loamy,Sugarcane,DAP,Yes,North,65.524
466.77,21.42,64.55,Silty,Cotton,Urea,Yes,West,2.496
851.72,33.2,52.57,Loamy,Rice,DAP,Yes,East,6.313
872.12,36.39,65.32,Peaty,Soybean,Urea,No,East,1.735
506.15,18.99,52.65,Silty,Cotton,NPK,Yes,Central,2.7
904.26,19.56,55.96,Peaty,Cotton,NPK,No,South,2.358
775.49,16.54,42.86,Silty,Soybean,NPK,Yes,South,3.329
946.58,22.3,52.63,Clay,Rice,DAP,Yes,East,5.305
569.78,21.97,48.24,Loamy,Soybean,DAP,No,North,3.524
716.41,25.33,51.34,Clay,Wheat,DAP,No,South,3.405
509.92,20.62,50.94,Loamy,Sugarcane,Urea,Yes,West,85.322
557.86,30.46,45.87,Sandy,Soybean,NPK,No,West,2.796
965.53,27.15,63.23,Silty,Rice,DAP,Yes,South,5.566
720.73,29.12,53.64,Sandy,Maize,DAP,No,South,5.429
922.41,32.15,63.71,Sandy,Wheat,Compost,Yes,East,2.385
845.86,28.32,45.04,Loamy,Maize,DAP,Yes,Central,7.227
880.81,25.88,63.86,Clay,Soybean,None,Yes,East,2.6
512.91,22.89,63.29,Peaty,Wheat,DAP,Yes,Central,3.608
636.92,31.49,51.46,Loamy,Sugarcane,Compost,Yes,West,76.015
575.32,28.35,61.16,Peaty,Soybean,DAP,Yes,Central,3.05
585.71,28.09,51.49,Sandy,Sugarcane,None,No,East,40.321
929.86,23.97,55.25,Peaty,Cotton,DAP,Yes,South,2.157
830.54,28.5,58.3,Clay,Maize,Compost,Yes,Central,6.724
996.65,23.09,72.49,Loamy,Wheat,Urea,Yes,East,4.298
806.48,28.55,68.04,Clay,Sugarcane,NPK,No,West,77.509
796.6,25.68,43.68,Clay,Rice,DAP,No,Central,4.448
521.77,30.58,42.21,Loamy,Sugarcane,DAP,Yes,West,81.559
957.43,20.36,58.45,Clay,Rice,NPK,Yes,West,6.02
598.17,27.24,46.31,Silty,Soybean,None,Yes,North,3.053
764.17,30.51,58.34,Silty,Wheat,DAP,No,Central,3.277
850.98,27.37,55.91,Silty,Sugarcane,NPK,No,East,94.555
468.12,19.89,45.74,Peaty,Sugarcane,Urea,Yes,Central,66.454
537.49,23.28,66.57,Clay,Wheat,NPK,No,Central,3.424
788.02,33.34,62.02,Loamy,Sugarcane,Compost,Yes,West,85.062
906.57,26.65,63.85,Loamy,Rice,Compost,Yes,West,6.058
693.31,22.9,47.41,Peaty,Sugarcane,NPK,No,West,80.931
663.88,33.27,52.98,Loamy,Maize,NPK,No,West,6.828
1145.09,34.75,61.81,Silty,Soybean,DAP,No,East,2.476
1107.18,21.11,62.89,Clay,Cotton,NPK,Yes,South,2.157
332.19,24.49,43.12,Loamy,Rice,Urea,Yes,North,5.265
894.19,25.28,65.26,Loamy,Maize,NPK,No,West,7.773
592.93,29.67,62.51,Sandy,Soybean,NPK,No,West,2.745
712.6,26.1,60.38,Sandy,Wheat,Urea,Yes,North,2.908
489.86,27.61,49.0,Sandy,Rice,NPK,Yes,West,5.221
1055.03,26.27,57.88,Clay,Cotton,Compost,No,South,1.951
484.95,38.0,58.36,Silty,Soybean,Compost,No,Central,2.019
718.2,29.87,56.95,Silty,Cotton,DAP,No,North,2.59
1096.5,25.53,66.38,Silty,Wheat,DAP,No,East,3.354
314.19,25.61,48.73,Clay,Wheat,NPK,Yes,North,3.485
1091.31,29.37,55.88,Clay,Rice,DAP,No,South,4.436
853.6,22.22,69.58,Sandy,Sugarcane,DAP,No,East,57.135
871.44,28.35,77.06,Loamy,Wheat,NPK,Yes,Central,4.706
671.67,27.8,49.98,Peaty,Soybean,Urea,No,West,3.01
363.06,22.68,46.95,Peaty,Sugarcane,Compost,No,North,45.003
848.02,15.43,53.92,Loamy,Maize,Compost,Yes,East,5.996
1135.42,18.32,57.41,Sandy,Cotton,NPK,No,North,1.83
1046.1,25.85,65.69,Loamy,Sugarcane,DAP,No,Central,88.495
518.4,31.54,45.74,Loamy,Cotton,DAP,Yes,North,2.601
1063.7,24.75,53.63,Peaty,Sugarcane,DAP,No,East,68.353
1080.46,31.33,65.18,Sandy,Maize,NPK,Yes,South,6.148
993.96,25.17,49.13,Clay,Wheat,Urea,No,East,3.702
653.49,21.74,48.14,Peaty,Maize,None,Yes,North,5.318
848.08,20.61,51.55,Clay,Wheat,Compost,No,Central,3.175
704.28,22.37,57.79,Sandy,Wheat,NPK,Yes,West,3.339
858.64,27.7,57.77,Loamy,Cotton,DAP,Yes,West,2.852
722.9,26.77,39.51,Silty,Soybean,DAP,Yes,Central,3.653
715.79,25.76,56.6,Silty,Maize,None,Yes,North,6.114
735.45,25.97,48.11,Sandy,Sugarcane,Urea,Yes,Central,62.541
319.95,32.53,58.7,Silty,Maize,Urea,Yes,North,5.712
1140.84,36.4,46.26,Clay,Cotton,DAP,No,East,1.209
1095.29,23.31,64.91,Silty,Wheat,None,No,South,2.971
559.76,26.06,56.77,Sandy,Cotton,Compost,No,North,1.726
449.14,20.89,39.33,Sandy,Rice,Compost,No,West,3.683
780.21,26.93,53.37,Clay,Rice,NPK,No,West,5.174
947.47,25.43,59.71,Unknown,Sugarcane,DAP,Yes,South,82.052
594.55,28.07,50.69,Silty,Cotton,NPK,No,North,2.615
928.35,31.39,62.47,Loamy,Sugarcane,DAP,No,South,88.202
1151.16,20.95,64.28,Peaty,Sugarcane,NPK,Yes,East,67.882
943.19,25.94,65.15,Sandy,Rice,DAP,No,South,4.158
928.76,25.62,61.21,Loamy,Sugarcane,DAP,Yes,East,96.343
407.71,27.79,49.03,Sandy,Rice,Compost,No,West,3.049
930.77,34.0,56.4,Loamy,Wheat,DAP,No,East,3.715
686.43,23.75,55.71,Peaty,Cotton,Compost,No,North,2.195
499.79,30.05,63.98,Loamy,Sugarcane,DAP,Yes,North,84.733
686.18,35.36,53.03,Sandy,Rice,Urea,Yes,North,4.082
337.86,22.77,36.57,Silty,Maize,Compost,No,North,4.278
548.25,27.74,59.73,Sandy,Sugarcane,Compost,Yes,Central,67.238
839.54,27.69,73.4,Clay,Soybean,Urea,Yes,East,3.491
570.31,20.52,56.03,Clay,Wheat,Compost,No,North,2.561
1168.8,29.9,79.1,Clay,Wheat,DAP,No,South,2.8
1236.65,32.61,65.88,Clay,Maize,DAP,Yes,South,4.586
858.63,23.66,80.76,Peaty,Rice,DAP,Yes,Central,4.832
706.31,25.55,42.38,Silty,Sugarcane,None,Yes,East,72.656
887.19,18.27,56.54,Silty,Rice,NPK,Yes,East,6.437
544.17,32.26,60.05,Sandy,Wheat,DAP,Yes,East,3.103
724.78,31.33,48.38,Loamy,Rice,Compost,No,Central,5.624
1243.73,22.22,74.34,Sandy,Wheat,NPK,No,East,2.63
1122.33,22.79,66.82,Sandy,Rice,DAP,No,East,4.22
285.18,25.01,43.98,Sandy,Maize,NPK,Yes,North,5.602
1208.31,33.46,67.6,Sandy,Cotton,Urea,No,East,1.325
730.64,26.64,56.21,Silty,Maize,NPK,No,North,6.989
781.47,27.76,60.83,Loamy,Maize,Compost,No,North,8.284
1166.37,27.76,61.46,Sandy,Cotton,Urea,Yes,East,1.726
821.08,33.86,38.74,Silty,Cotton,DAP,No,South,2.035
371.76,25.13,54.35,Sandy,Sugarcane,None,Yes,West,56.425
1075.64,26.32,60.99,Clay,Sugarcane,NPK,No,South,61.905
1116.49,32.87,56.04,Sandy,Maize,Compost,Yes,East,4.389
704.21,32.82,51.09,Sandy,Maize,Urea,No,East,5.398
755.36,21.78,53.53,Peaty,Wheat,DAP,No,South,3.601
859.57,17.27,45.29,Clay,Wheat,DAP,Yes,East,3.41
659.12,26.96,51.495000000000005,Loamy,Sugarcane,Urea,Yes,North,84.33
697.67,30.23,53.03,Sandy,Soybean,Compost,Yes,Central,2.944
960.45,28.58,57.85,Loamy,Soybean,NPK,Yes,East,3.73
937.08,23.94,51.27,Clay,Sugarcane,NPK,Yes,East,89.471
731.15,36.32,44.32,Sandy,Wheat,Urea,No,South,2.421
694.81,21.66,47.07,Peaty,Wheat,Compost,Yes,North,3.134
790.97,20.18,58.19,Silty,Soybean,None,Yes,South,3.295
1074.36,32.77,56.32,Peaty,Rice,NPK,Yes,South,4.571
791.04,24.9,62.8,Peaty,Rice,NPK,Yes,East,5.878
476.2,35.49,58.82,Silty,Wheat,None,No,North,2.332
1294.72,25.75,79.85,Silty,Rice,NPK,No,East,3.989
1035.19,25.06,65.7,Silty,Cotton,Urea,No,East,2.225
926.42,29.48,60.05,Sandy,Sugarcane,DAP,Yes,East,64.964
905.79,31.28,69.13,Loamy,Sugarcane,None,Yes,East,76.649
569.59,37.8,41.65,Loamy,Wheat,Compost,Yes,Central,2.768
718.05,31.31,59.37,Silty,Maize,Urea,Yes,West,7.429
684.79,32.36,61.29,Peaty,Soybean,Compost,Yes,North,2.783
737.69,24.11,54.67,Clay,Wheat,NPK,No,Central,3.46
641.12,31.79,59.4,Silty,Rice,None,Yes,West,5.114
740.24,30.13,52.13,Peaty,Soybean,DAP,Yes,West,3.03
439.32,24.09,49.1,Peaty,Maize,Compost,No,West,4.584
756.71,20.12,58.07,Sandy,Rice,NPK,No,Central,4.956
615.2,22.49,55.0,Unknown,Cotton,DAP,Yes,North,2.515
940.1,24.42,47.69,Loamy,Rice,Urea,No,South,5.697
566.72,26.03,47.22,Loamy,Cotton,None,No,West,1.903
783.74,30.73,56.01,Clay,Soybean,Compost,Yes,South,2.897
704.88,31.73,57.23,Clay,Cotton,Compost,Yes,South,2.188
1220.59,35.74,69.8,Clay,Soybean,Compost,Yes,East,2.046
891.65,29.13,58.03,Clay,Soybean,Urea,No,South,2.821
936.43,19.73,67.59,Peaty,Soybean,None,Yes,East,2.288
471.82,22.5,47.1,Peaty,Soybean,DAP,No,North,2.739
406.53,25.85,54.99,Loamy,Soybean,DAP,No,North,3.452
919.64,32.35,57.19,Sandy,Rice,Urea,Yes,East,3.853
731.68,30.11,47.3,Sandy,Soybean,DAP,Yes,North,2.434
737.26,27.075,75.69,Silty,Rice,NPK,Yes,West,6.404
674.27,21.43,57.48,Peaty,Soybean,NPK,Yes,North,4.184
1143.89,23.83,48.15,Clay,Cotton,None,No,East,1.339
979.97,20.81,66.83,Clay,Soybean,DAP,Yes,West,3.506
904.16,26.4,59.4,Silty,Maize,NPK,Yes,South,7.209
835.8,29.22,63.65,Sandy,Soybean,Compost,Yes,South,2.802
965.58,28.48,63.65,Clay,Soybean,NPK,Yes,South,3.73
1097.3,24.62,55.84,Sandy,Cotton,NPK,Yes,East,2.016
894.89,27.14,65.26,Silty,Sugarcane,DAP,Yes,South,80.29
415.91,20.47,43.02,Sandy,Cotton,DAP,No,North,1.665
927.9,23.57,52.1,Sandy,Maize,DAP,Yes,South,6.177
781.67,28.56,52.95,Sandy,Sugarcane,Compost,Yes,Central,74.919
752.11,38.25,46.74,Clay,Wheat,None,No,Central,1.387
624.35,33.74,56.5,Loamy,Wheat,Urea,Yes,South,3.852
661.49,20.46,69.91,Peaty,Maize,Urea,Yes,South,6.039
807.52,31.22,47.32,Sandy,Cotton,Urea,Yes,Central,2.012
844.15,27.88,67.88,Sandy,Rice,NPK,Yes,South,4.955
983.69,28.02,54.88,Sandy,Maize,DAP,No,West,4.908
901.17,39.76,53.27,Loamy,Sugarcane,Urea,Yes,Central,65.711
809.78,24.57,47.06,Silty,Sugarcane,DAP,No,East,79.754
853.98,29.64,59.82,Clay,Soybean,Compost,Yes,Central,2.837
790.09,30.84,45.21,Loamy,Wheat,Compost,Yes,North,3.652
583.21,23.53,47.87,Sandy,Sugarcane,NPK,No,West,70.248
987.07,16.54,68.61,Loamy,Maize,DAP,Yes,East,6.745
817.79,20.35,68.87,Loamy,Sugarcane,Compost,No,South,81.844
381.6,28.27,40.03,Loamy,Maize,Urea,Yes,North,7.265
786.55,31.48,51.495000000000005,Silty,Rice,Urea,Yes,North,5.913
261.5,29.71,44.09,Peaty,Soybean,Compost,No,West,2.17
898.81,29.65,46.2,Clay,Wheat,DAP,Yes,East,3.538
486.63,28.67,45.14,Silty,Sugarcane,Compost,No,North,69.177
1023.58,22.87,55.4,Silty,Maize,Urea,Yes,East,6.235
814.05,26.86,60.19,Peaty,Cotton,Urea,No,East,2.289
753.24,30.14,57.03,Silty,Wheat,NPK,Yes,North,4.537
724.62,29.36,55.48,Loamy,Rice,Compost,No,East,5.57
376.81,35.2,45.85,Loamy,Maize,NPK,No,West,5.211
558.71,24.09,61.67,Sandy,Soybean,NPK,Yes,North,3.621
456.96,24.18,48.97,Silty,Soybean,Compost,Yes,West,3.069
681.16,23.49,61.57,Sandy,Rice,NPK,No,West,5.727
888.99,13.34,62.5,Clay,Rice,Compost,Yes,East,4.098
1121.11,30.07,63.64,Loamy,Soybean,Urea,No,East,2.661
410.82,27.02,55.33,Clay,Sugarcane,DAP,No,North,68.075
1116.68,25.78,59.87,Peaty,Sugarcane,Compost,No,South,63.235
644.41,26.975,45.73,Loamy,Maize,DAP,Yes,North,8.224
536.29,29.76,50.49,Clay,Cotton,DAP,Yes,West,2.374
1093.64,27.09,73.89,Peaty,Maize,DAP,Yes,East,5.738
671.9,34.72,55.15,Clay,Cotton,Urea,Yes,West,2.3
700.96,27.12,52.32,Peaty,Rice,Urea,Yes,Central,4.518
789.92,29.1,49.31,Peaty,Wheat,Urea,No,Central,2.96
703.89,34.86,41.9,Loamy,Maize,Urea,Yes,West,5.988
909.7,25.35,51.63,Sandy,Maize,DAP,No,South,5.771
1035.67,24.83,63.12,Peaty,Cotton,Compost,No,South,1.72
725.59,34.13,52.61,Peaty,Rice,Urea,No,North,3.904
570.49,19.2,53.19,Loamy,Rice,NPK,Yes,North,6.256
640.92,25.7,45.52,Sandy,Cotton,NPK,Yes,North,2.18
1140.59,25.58,71.02,Silty,Rice,Compost,Yes,East,4.934
1141.04,22.78,68.84,Silty,Soybean,NPK,Yes,South,3.177
864.82,29.64,52.8,Sandy,Sugarcane,DAP,No,West,65.556
854.48,24.15,45.8,Clay,Soybean,Urea,No,Central,2.898
837.88,27.53,58.76,Loamy,Wheat,None,Yes,South,3.629
703.07,22.34,38.33,Sandy,Maize,Urea,Yes,South,5.444
983.89,28.43,49.16,Silty,Wheat,None,Yes,South,2.5
632.76,37.4,49.43,Peaty,Maize,Compost,No,North,3.382
940.46,26.74,51.76,Silty,Sugarcane,DAP,No,East,71.209
449.86,26.95,59.36,Peaty,Rice,Compost,Yes,West,5.133
798.37,21.06,53.33,Unknown,Soybean,Compost,Yes,North,3.978
1063.84,31.21,65.18,Peaty,Cotton,Urea,No,East,1.748
718.76,26.57,36.96,Sandy,Soybean,DAP,Yes,South,2.996
980.95,28.96,45.34,Peaty,Sugarcane,NPK,No,East,64.863
348.45,31.75,41.56,Clay,Wheat,Compost,Yes,North,2.752
1002.27,26.09,61.75,Sandy,Cotton,Urea,Yes,South,1.944
827.51,32.1,46.39,Loamy,Rice,DAP,Yes,North,5.626
622.1,32.43,55.34,Sandy,Sugarcane,NPK,No,West,66.893
886.13,28.7,68.51,Clay,Cotton,Compost,Yes,South,2.291
958.56,28.0,52.86,Loamy,Sugarcane,Compost,Yes,East,77.173
516.34,27.14,50.24,Silty,Sugarcane,None,Yes,North,77.888
583.61,29.81,49.48,Clay,Rice,DAP,Yes,Central,6.04
1207.31,29.58,60.75,Loamy,Maize,Compost,No,East,5.05
1029.25,19.85,63.13,Peaty,Cotton,NPK,No,East,2.211
909.51,23.64,58.26,Sandy,Rice,NPK,Yes,South,6.01
966.09,31.79,57.86,Loamy,Sugarcane,DAP,No,East,80.927
359.07,28.24,48.31,Sandy,Rice,Urea,Yes,North,3.749
840.76,25.91,63.72,Peaty,Maize,NPK,Yes,Central,7.074
863.44,35.81,62.1,Loamy,Soybean,DAP,No,West,2.965
420.78,31.06,34.38,Silty,Cotton,None,Yes,Central,1.612
656.42,32.4,46.04,Clay,Maize,Urea,Yes,North,6.242
1029.37,27.19,65.26,Loamy,Wheat,DAP,Yes,South,3.866
742.63,28.93,75.51,Peaty,Cotton,Urea,No,North,2.244
1180.82,26.59,58.38,Loamy,Maize,NPK,Yes,East,6.286
1295.37,21.82,53.92,Sandy,Sugarcane,NPK,Yes,South,46.14
710.04,27.98,72.43,Loamy,Cotton,Compost,No,West,2.701
798.9,26.71,66.11,Silty,Cotton,None,No,West,2.036
551.86,26.63,60.65,Loamy,Rice,Urea,No,North,6.035
879.57,31.95,58.47,Clay,Sugarcane,Urea,Yes,East,67.797
756.24,26.45,54.72,Loamy,Wheat,NPK,Yes,West,4.547
849.07,27.35,55.84,Sandy,Soybean,NPK,Yes,Central,3.402
951.27,27.59,65.11,Loamy,Maize,NPK,No,South,7.192
700.96,29.51,59.04,Silty,Rice,NPK,No,Central,5.45
432.66,28.49,49.96,Peaty,Maize,DAP,No,West,5.797
765.09,30.43,61.5,Loamy,Wheat,Urea,Yes,West,4.229
495.14,20.58,61.04,Loamy,Wheat,None,Yes,North,3.286
603.41,27.72,59.58,Clay,Cotton,DAP,Yes,North,2.422
972.4,26.44,64.11,Silty,Wheat,DAP,Yes,South,3.672
532.84,20.42,44.88,Peaty,Maize,NPK,Yes,North,6.12
961.59,19.79,54.03,Sandy,Sugarcane,DAP,No,East,64.534
880.46,23.86,43.81,Loamy,Sugarcane,NPK,Yes,South,87.828
1088.72,23.74,64.86,Peaty,Cotton,Urea,Yes,East,1.987
622.0,25.8,53.35,Sandy,Soybean,NPK,No,North,3.016
780.15,27.64,65.79,Silty,Maize,Compost,Yes,South,6.816
647.77,29.47,56.61,Silty,Maize,Compost,No,West,5.821
540.89,20.81,48.23,Peaty,Wheat,Compost,No,Central,3.014
727.15,22.48,50.67,Sandy,Maize,DAP,Yes,West,5.804
930.17,22.65,61.37,Silty,Rice,Compost,No,East,5.113
757.97,26.41,57.18,Peaty,Soybean,Compost,Yes,West,3.036
613.94,27.14,66.86,Silty,Wheat,Compost,Yes,West,3.669
871.6,32.0,56.56,Silty,Rice,DAP,Yes,Central,5.087
899.96,22.41,61.89,Silty,Cotton,Urea,Yes,Central,2.58
716.63,30.88,67.41,Clay,Sugarcane,Urea,Yes,West,70.605
644.91,19.6,51.73,Sandy,Cotton,NPK,Yes,Central,2.321
509.41,27.1,47.54,Peaty,Sugarcane,Urea,Yes,West,70.893
1044.24,29.76,50.21,Peaty,Cotton,NPK,Yes,South,2.038
640.07,30.17,49.92,Sandy,Maize,NPK,No,West,5.08
557.22,35.46,54.17,Sandy,Rice,NPK,No,North,3.105
641.74,38.89,63.83,Sandy,Sugarcane,NPK,No,Central,53.482
492.58,29.03,38.86,Sandy,Wheat,Urea,Yes,Central,2.867
1161.17,20.41,56.04,Loamy,Rice,NPK,No,East,5.133
987.29,45.0,44.67,Peaty,Wheat,Compost,No,East,1.445
270.66,32.71,59.83,Loamy,Rice,NPK,Yes,North,5.729
679.3,32.15,54.87,Silty,Rice,NPK,Yes,Central,5.643
496.8,24.86,46.47,Silty,Cotton,Urea,No,Central,2.103
1088.56,26.39,60.05,Peaty,Sugarcane,DAP,No,East,64.298
1067.95,22.87,61.34,Silty,Sugarcane,Compost,No,East,70.4
876.24,30.36,54.29,Sandy,Rice,NPK,No,West,4.618
478.51,24.68,35.22,Loamy,Maize,DAP,No,Central,5.223
915.58,30.59,56.01,Sandy,Maize,DAP,Yes,Central,4.676
727.9,23.3,64.36,Silty,Wheat,DAP,Yes,West,4.137
494.96,31.75,47.82,Loamy,Wheat,Compost,No,Central,3.359
824.05,28.41,65.89,Sandy,Cotton,None,Yes,North,1.973
981.33,33.36,72.08,Peaty,Rice,NPK,Yes,East,4.258
821.31,37.56,54.28,Sandy,Wheat,DAP,Yes,East,2.673
1155.94,28.42,60.05,Silty,Wheat,Urea,No,East,3.068
736.66,33.83,58.74,Loamy,Soybean,Urea,Yes,South,3.422
723.43,33.85,51.495000000000005,Peaty,Rice,Compost,No,North,4.033
521.21,26.975,61.8,Loamy,Cotton,NPK,Yes,North,2.943
597.62,28.3,64.1,Peaty,Wheat,DAP,Yes,West,3.353
704.75,28.36,48.23,Loamy,Cotton,Compost,No,South,2.301
543.46,24.82,62.51,Silty,Sugarcane,NPK,Yes,Central,102.678
574.07,24.86,55.6,Peaty,Cotton,None,Yes,North,1.999
654.12,33.12,48.91,Clay,Maize,Urea,Yes,South,5.474
1003.38,23.45,50.91,Loamy,Maize,Urea,Yes,South,6.554
471.28,26.25,43.04,Loamy,Cotton,DAP,Yes,North,2.877
647.8399999999999,25.37,54.73,Sandy,Maize,NPK,Yes,West,6.296
987.47,29.3,55.82,Peaty,Sugarcane,None,No,South,49.133
969.39,38.5,62.29,Clay,Rice,Urea,Yes,East,4.01
1084.59,26.05,52.68,Silty,Maize,Urea,Yes,South,6.04
392.45,19.79,41.82,Sandy,Maize,NPK,Yes,Central,5.349
670.07,27.53,52.68,Clay,Cotton,NPK,Yes,North,2.679
703.61,22.14,52.7,Peaty,Sugarcane,None,Yes,Central,59.481
551.32,28.28,40.81,Clay,Rice,DAP,No,West,4.444
1142.35,23.19,57.81,Loamy,Cotton,DAP,No,East,2.498
638.02,27.82,38.81,Loamy,Cotton,Urea,Yes,North,2.477
934.25,21.03,59.22,Sandy,Soybean,Urea,No,South,2.556
993.96,25.67,71.46,Peaty,Sugarcane,Compost,Yes,East,79.346
794.18,22.04,49.75,Peaty,Rice,DAP,No,South,3.599
488.16,33.27,42.14,Clay,Sugarcane,Urea,Yes,West,75.615
754.89,23.38,62.96,Sandy,Rice,NPK,Yes,North,5.593
774.01,29.77,46.11,Peaty,Sugarcane,Urea,Yes,West,74.506
735.3,27.9,62.75,Loamy,Cotton,NPK,Yes,West,3.146
585.95,27.99,42.1,Clay,Cotton,DAP,No,West,2.035
955.08,28.87,56.26,Silty,Wheat,NPK,Yes,West,3.736
795.83,30.01,53.99,Loamy,Maize,Urea,Yes,South,7.497
643.29,33.53,58.5,Sandy,Soybean,NPK,No,Central,2.672
1171.94,31.67,78.42,Peaty,Sugarcane,Urea,Yes,South,56.313
992.14,34.63,57.07,Loamy,Soybean,DAP,No,East,2.945
910.72,21.68,58.07,Silty,Wheat,NPK,Yes,West,4.303
1056.79,20.29,47.46,Silty,Maize,Urea,Yes,East,6.37
822.78,35.29,56.13,Sandy,Sugarcane,DAP,Yes,South,53.663
620.63,29.81,61.65,Loamy,Rice,NPK,Yes,West,6.092
792.48,21.68,57.89,Clay,Maize,NPK,Yes,South,6.874
754.0,25.6,52.21,Loamy,Cotton,Urea,No,West,2.422
1083.43,29.69,67.4,Silty,Wheat,Urea,No,South,3.391
620.1,26.76,61.66,Sandy,Maize,Urea,No,North,5.076
742.54,30.06,43.34,Sandy,Maize,Urea,No,Central,5.168
544.11,21.13,62.23,Clay,Cotton,None,No,Central,1.707
814.01,26.85,49.82,Sandy,Sugarcane,Compost,Yes,West,69.139
675.98,27.59,55.64,Sandy,Rice,Compost,No,North,3.914
1041.71,23.47,50.73,Sandy,Cotton,None,Yes,East,1.244
504.79,25.58,47.16,Sandy,Rice,Compost,No,North,3.47
656.59,24.68,39.63,Sandy,Sugarcane,NPK,No,West,51.019
413.52,21.45,50.4,Silty,Maize,DAP,Yes,North,5.999
778.85,23.91,67.86,Loamy,Rice,DAP,Yes,East,6.783
605.02,27.95,52.36,Peaty,Wheat,Compost,No,West,2.951
571.0,22.13,53.87,Sandy,Wheat,Urea,Yes,Central,2.865
473.85,23.63,46.77,Peaty,Cotton,DAP,Yes,North,2.234
626.81,18.49,54.25,Peaty,Sugarcane,Urea,Yes,Central,63.811
688.3,34.2,52.6,Silty,Cotton,Urea,Yes,Central,2.412
878.45,31.63,63.0,Sandy,Cotton,Compost,Yes,South,1.833
542.03,33.02,66.97,Peaty,Soybean,Compost,Yes,East,2.91
602.18,28.81,51.57,Sandy,Cotton,DAP,Yes,North,2.25
719.72,28.47,53.35,Clay,Soybean,DAP,No,Central,3.248
844.17,25.94,51.11,Clay,Wheat,NPK,Yes,Central,3.675
967.93,33.5,67.6,Clay,Wheat,Urea,Yes,East,3.161
862.67,27.12,72.54,Peaty,Cotton,Compost,Yes,Central,2.256
677.05,17.2,52.02,Clay,Wheat,NPK,Yes,Central,3.485
751.01,17.34,57.06,Silty,Sugarcane,Urea,No,Central,73.922
562.43,28.82,52.55,Silty,Soybean,NPK,No,Central,3.155
1070.41,22.2,55.26,Peaty,Soybean,NPK,Yes,South,3.237
1095.0,27.49,57.89,Sandy,Cotton,Urea,Yes,South,1.89
932.5,30.79,58.33,Loamy,Wheat,Urea,No,West,3.994
468.63,22.85,51.19,Sandy,Rice,None,Yes,North,4.398
1079.45,25.5,69.32,Sandy,Soybean,Urea,Yes,East,2.578
434.03,25.68,46.07,Sandy,Cotton,NPK,Yes,West,2.266
616.91,27.19,53.09,Sandy,Cotton,Compost,No,South,1.828
984.52,19.85,53.89,Loamy,Sugarcane,DAP,Yes,South,82.585
883.07,21.54,48.93,Clay,Maize,Urea,Yes,South,5.566
457.24,19.53,50.12,Sandy,Maize,Compost,Yes,West,4.516
926.87,26.11,60.2,Silty,Soybean,DAP,Yes,South,3.563
790.05,26.04,63.19,Peaty,Sugarcane,NPK,Yes,West,85.686
909.46,24.37,52.08,Peaty,Sugarcane,None,Yes,South,67.599
884.27,19.9,49.29,Unknown,Sugarcane,NPK,No,Central,79.301
600.89,32.53,66.24,Sandy,Soybean,DAP,Yes,Central,3.15
712.41,23.89,55.3,Loamy,Maize,NPK,Yes,North,9.095
842.43,39.83,45.83,Clay,Sugarcane,NPK,Yes,South,53.699
734.52,31.33,54.25,Peaty,Wheat,None,No,North,2.09
459.32,16.69,43.93,Clay,Cotton,Compost,Yes,West,1.886
584.61,33.17,54.56,Loamy,Cotton,NPK,Yes,North,2.509
934.29,23.49,55.35,Peaty,Rice,Compost,No,South,5.034
721.57,22.37,64.33,Clay,Rice,DAP,Yes,West,6.172
597.29,25.64,41.55,Loamy,Soybean,None,No,West,3.142
764.75,32.67,65.52,Clay,Soybean,Urea,Yes,Central,2.798
620.26,29.62,58.35,Sandy,Cotton,Urea,Yes,West,2.069
571.01,27.91,54.0,Loamy,Wheat,NPK,Yes,West,4.47
762.11,22.89,63.52,Clay,Maize,Urea,Yes,North,7.026
661.7,31.72,62.96,Sandy,Maize,NPK,No,West,5.431
772.93,22.08,60.05,Sandy,Soybean,NPK,Yes,East,2.713
599.05,32.21,65.02,Loamy,Wheat,Urea,Yes,Central,4.064
917.72,28.67,63.3,Silty,Soybean,DAP,No,Central,3.793
513.71,24.02,45.89,Peaty,Maize,NPK,No,West,6.811
631.13,37.63,41.85,Loamy,Soybean,Compost,Yes,North,2.572
595.82,31.56,60.51,Sandy,Sugarcane,None,Yes,Central,54.176
484.27,29.79,49.68,Sandy,Soybean,NPK,Yes,Central,2.852
1072.07,27.52,47.11,Loamy,Cotton,DAP,No,East,2.316
600.71,21.28,54.68,Silty,Soybean,Urea,No,West,3.181
938.28,27.19,56.7,Peaty,Cotton,None,Yes,Central,1.757
868.83,35.02,52.01,Clay,Wheat,Compost,Yes,Central,2.462
889.79,20.11,65.87,Loamy,Maize,Urea,Yes,Central,8.111
859.91,29.84,50.9,Unknown,Rice,NPK,Yes,Central,5.341
653.43,33.97,49.44,Peaty,Rice,NPK,No,North,4.37
695.13,34.22,52.18,Sandy,Maize,Compost,Yes,South,4.961
964.91,22.5,67.43,Clay,Rice,DAP,Yes,East,5.141
650.63,24.28,43.62,Loamy,Soybean,NPK,Yes,North,3.633
956.44,27.5,54.07,Sandy,Wheat,NPK,Yes,East,3.638
695.5,29.27,57.31,Sandy,Wheat,NPK,Yes,Central,3.524
1108.69,33.41,66.14,Silty,Maize,None,No,East,4.383
808.41,25.99,47.16,Peaty,Rice,Compost,No,West,4.479
511.61,31.73,47.08,Loamy,Soybean,NPK,Yes,West,3.974
1000.51,14.18,59.07,Loamy,Wheat,None,No,South,2.534
984.74,25.67,62.0,Loamy,Wheat,Urea,No,South,3.244
851.67,31.72,55.36,Sandy,Sugarcane,Urea,Yes,East,67.113
489.03,31.17,62.09,Silty,Sugarcane,NPK,Yes,North,80.652
572.45,22.21,50.66,Clay,Wheat,Urea,Yes,North,3.358
908.49,32.13,70.24,Sandy,Maize,Urea,Yes,Central,4.61
487.79,19.9,46.04,Clay,Cotton,Urea,No,North,2.216
962.65,32.98,46.45,Silty,Cotton,DAP,Yes,South,2.212
725.31,25.98,74.59,Peaty,Soybean,Urea,No,North,2.941
978.2,24.74,58.87,Loamy,Wheat,DAP,No,Central,3.694
684.02,25.51,56.64,Clay,Wheat,None,Yes,West,3.705
232.05,28.9,33.04,Sandy,Wheat,NPK,No,North,2.347
688.51,37.4,55.87,Clay,Maize,NPK,Yes,North,4.702
931.66,33.09,65.21,Peaty,Sugarcane,Urea,Yes,South,73.712
873.26,21.26,48.3,Loamy,Wheat,NPK,No,East,3.806
756.66,21.79,53.99,Clay,Wheat,NPK,Yes,West,4.107
1279.8,17.47,65.11,Peaty,Rice,NPK,Yes,East,3.584
731.35,28.54,44.38,Sandy,Maize,Urea,No,Central,4.316
456.73,26.15,62.13,Silty,Soybean,DAP,No,Central,3.113
1216.61,30.14,42.92,Sandy,Wheat,NPK,Yes,East,2.557
903.4,24.5,40.96,Loamy,Rice,NPK,Yes,South,6.355
1006.88,25.02,60.99,Sandy,Cotton,NPK,Yes,South,2.141
909.3,19.74,50.23,Sandy,Soybean,Compost,No,South,2.347
718.43,32.52,59.79,Sandy,Wheat,DAP,Yes,West,3.167
799.85,23.99,53.23,Sandy,Wheat,NPK,No,Central,3.451
821.04,22.82,53.87,Loamy,Rice,Urea,No,Central,6.435
722.0,31.83,43.5,Peaty,Maize,NPK,No,Central,5.771
535.91,19.62,47.54,Clay,Wheat,None,No,West,2.061
729.05,29.75,51.04,Silty,Cotton,NPK,No,Central,2.638
1118.28,23.16,81.12,Clay,Wheat,DAP,Yes,East,3.238
436.96,26.42,45.12,Clay,Cotton,DAP,Yes,North,2.425
484.0,17.33,31.36,Silty,Soybean,NPK,No,West,2.511
749.95,29.89,63.81,Loamy,Soybean,NPK,No,North,4.08
1253.74,27.075,63.12,Silty,Sugarcane,Compost,No,East,40.541
905.76,20.68,60.27,Loamy,Sugarcane,Compost,Yes,South,86.473
990.18,32.78,57.04,Clay,Cotton,Urea,No,South,1.788
956.37,26.76,48.92,Loamy,Maize,NPK,Yes,South,6.922
323.01,29.67,56.92,Peaty,Wheat,NPK,No,West,2.471
931.01,21.1,50.8,Silty,Wheat,None,Yes,South,3.275
869.9,21.84,45.54,Peaty,Sugarcane,DAP,No,West,76.654
473.84,27.075,53.24,Clay,Cotton,NPK,Yes,West,2.644
360.12,25.92,48.45,Silty,Wheat,DAP,No,North,2.768
790.45,27.75,64.36,Clay,Wheat,Compost,Yes,South,3.492
628.88,19.68,54.82,Peaty,Maize,NPK,No,Central,6.262
1000.07,30.05,59.4,Clay,Rice,Urea,No,South,4.59
1098.1,28.94,69.22,Silty,Sugarcane,DAP,No,South,70.667
1094.58,32.53,48.71,Silty,Sugarcane,NPK,No,South,61.93
798.09,28.58,54.51,Clay,Rice,Compost,Yes,Central,4.585
461.34,38.28,41.65,Silty,Wheat,Urea,Yes,Central,2.392
410.72,37.04,50.24,Silty,Maize,DAP,No,West,3.995
810.13,27.09,62.73,Clay,Maize,Compost,Yes,Central,6.474
411.95,26.89,50.47,Peaty,Sugarcane,None,No,West,48.263
633.3,22.85,58.34,Silty,Maize,Urea,No,North,6.063
691.62,20.22,63.74,Silty,Soybean,NPK,Yes,West,3.925
830.48,25.86,60.64,Silty,Rice,Urea,Yes,South,6.657
618.04,23.78,58.29,Silty,Wheat,Urea,Yes,East,4.043
1030.27,23.07,75.6,Clay,Soybean,Urea,Yes,East,2.968
976.78,28.76,80.65,Peaty,Rice,NPK,No,South,5.161
566.58,19.12,52.18,Peaty,Cotton,Urea,No,West,2.313
736.21,21.09,47.2,Loamy,Sugarcane,NPK,Yes,South,96.126
744.0,17.14,34.25,Silty,Maize,Compost,Yes,Central,5.299
432.16,20.24,64.04,Silty,Cotton,None,No,West,1.736
992.53,23.98,55.3,Loamy,Maize,NPK,Yes,South,8.377
858.38,31.04,60.87,Peaty,Soybean,NPK,Yes,Central,3.367
405.98,36.66,53.4,Sandy,Wheat,NPK,Yes,Central,2.758
570.78,18.36,57.86,Sandy,Wheat,Compost,No,West,2.804
542.68,31.39,48.85,Peaty,Wheat,NPK,Yes,North,3.545
547.09,22.18,57.3,Silty,Maize,DAP,Yes,North,8.063
568.15,27.82,55.7,Sandy,Cotton,Urea,No,Central,1.656
349.56,29.88,41.57,Clay,Wheat,Compost,Yes,North,2.887
630.98,34.03,65.63,Clay,Cotton,DAP,No,Central,2.329
646.62,38.98,58.35,Loamy,Maize,DAP,Yes,North,6.687
785.57,32.21,45.44,Peaty,Soybean,Compost,Yes,Central,2.666
787.41,24.63,52.78,Peaty,Cotton,DAP,Yes,Central,2.379
887.65,19.31,54.6,Sandy,Soybean,Compost,Yes,Central,3.054
542.9,28.16,46.3,Silty,Maize,Urea,Yes,Central,6.681
943.3,30.23,63.76,Peaty,Maize,None,Yes,East,4.647
522.27,21.23,60.77,Sandy,Sugarcane,None,Yes,North,52.831
267.63,30.88,36.6,Sandy,Maize,None,Yes,Central,2.911
933.64,24.86,55.82,Peaty,Maize,DAP,No,South,5.464
645.55,21.35,62.08,Sandy,Rice,Compost,No,West,3.974
729.55,27.68,47.87,Loamy,Wheat,None,No,South,2.839
1030.69,22.49,54.9,Loamy,Sugarcane,None,Yes,South,66.01
1121.22,21.22,44.41,Peaty,Sugarcane,NPK,No,East,70.262
609.97,28.44,58.35,Silty,Sugarcane,DAP,Yes,North,92.107
743.68,29.08,56.49,Loamy,Rice,Compost,Yes,East,5.816
404.05,25.17,45.41,Loamy,Soybean,NPK,Yes,North,3.826
745.61,28.37,42.07,Peaty,Maize,DAP,No,Central,5.652
919.46,32.71,55.65,Clay,Wheat,Compost,No,East,2.582
615.38,31.16,52.18,Sandy,Cotton,NPK,No,West,1.479
384.83,22.87,46.29,Loamy,Soybean,NPK,Yes,North,3.509
1028.79,27.14,75.94,Clay,Maize,Compost,No,East,5.121
875.72,23.51,59.08,Silty,Rice,Compost,Yes,West,6.481
948.56,20.0,68.83,Clay,Maize,None,Yes,South,5.392
845.69,30.21,67.36,Peaty,Maize,Compost,Yes,Central,5.815
831.64,32.01,52.41,Silty,Rice,NPK,Yes,Central,6.056
846.27,24.63,61.87,Silty,Sugarcane,NPK,Yes,South,94.19
972.17,28.17,37.6,Clay,Sugarcane,NPK,No,East,65.126
1120.61,34.74,64.66,Peaty,Wheat,NPK,Yes,South,2.817
759.88,32.12,63.8,Loamy,Wheat,Compost,Yes,West,3.715
694.13,24.07,58.06,Clay,Sugarcane,Compost,Yes,North,69.042
1024.99,26.6,57.63,Loamy,Soybean,Compost,No,East,3.086
491.21,23.46,59.87,Clay,Cotton,Urea,Yes,North,2.368
859.46,28.15,66.29,Loamy,Maize,Urea,Yes,South,7.896
906.59,27.2,57.74,Clay,Cotton,Urea,Yes,Central,2.38
549.88,21.24,62.92,Silty,Maize,NPK,No,North,7.363
737.15,24.72,58.89,Sandy,Sugarcane,DAP,Yes,North,72.807
910.77,16.68,45.34,Silty,Wheat,Urea,Yes,Central,3.601
688.09,21.81,56.32,Loamy,Soybean,Urea,Yes,North,4.021
670.55,29.06,47.68,Peaty,Wheat,NPK,Yes,North,3.817
954.54,27.72,63.07,Silty,Cotton,Urea,Yes,Central,2.553
573.16,31.73,22.37,Sandy,Wheat,Compost,No,Central,1.735
838.16,27.19,69.52,Loamy,Sugarcane,Urea,No,South,89.321
711.1,26.02,63.16,Silty,Soybean,NPK,No,South,3.636
325.38,36.29,59.23,Clay,Cotton,None,No,North,0.886
993.35,25.3,59.79,Peaty,Soybean,None,Yes,East,2.574
940.29,25.07,68.06,Loamy,Maize,DAP,No,South,7.251
975.8,27.25,61.21,Silty,Wheat,Compost,No,South,3.102
895.41,23.11,50.04,Loamy,Soybean,Compost,No,East,3.382
938.04,28.29,52.27,Clay,Rice,DAP,Yes,East,5.538
827.01,23.38,53.87,Sandy,Wheat,DAP,Yes,Central,3.262
680.92,24.84,63.62,Silty,Maize,Urea,No,South,7.539
651.9,23.27,62.77,Loamy,Soybean,NPK,No,West,4.254
845.89,18.11,51.74,Loamy,Cotton,Urea,Yes,West,2.508
510.16,14.92,55.94,Loamy,Maize,Compost,No,North,4.754
836.83,19.88,56.87,Sandy,Rice,Compost,No,South,3.889
836.43,32.71,49.17,Loamy,Soybean,Compost,Yes,West,3.419
687.94,27.38,44.31,Peaty,Sugarcane,NPK,Yes,South,71.555
779.4,27.19,53.74,Peaty,Wheat,NPK,Yes,South,3.439
535.16,21.8,58.17,Loamy,Cotton,NPK,Yes,West,2.757
1004.13,33.31,56.03,Peaty,Sugarcane,Compost,No,South,59.591
759.39,23.79,61.51,Silty,Soybean,Urea,Yes,East,4.097
735.04,22.77,57.18,Peaty,Soybean,DAP,No,North,2.885
696.01,17.54,40.82,Loamy,Maize,None,No,Central,4.413
806.87,15.84,72.2,Clay,Soybean,None,Yes,West,2.496
886.12,29.31,67.28,Silty,Cotton,NPK,Yes,Central,2.765
432.16,35.43,37.38,Unknown,Sugarcane,Urea,No,North,36.942
1002.75,28.48,63.25,Loamy,Cotton,Urea,Yes,East,2.429
965.79,28.42,71.12,Sandy,Rice,DAP,No,East,4.076
990.18,35.98,63.09,Clay,Rice,NPK,Yes,East,4.479
914.56,29.5,54.97,Sandy,Wheat,NPK,Yes,East,3.405
817.12,26.96,55.36,Loamy,Wheat,NPK,Yes,West,3.979
622.09,29.8,50.43,Loamy,Rice,Compost,Yes,West,6.48
849.88,31.51,55.87,Clay,Soybean,Urea,Yes,South,3.264
1068.53,29.55,70.37,Loamy,Cotton,Urea,No,South,2.293
675.43,24.57,57.29,Clay,Rice,Urea,Yes,North,5.391
943.13,29.03,51.96,Clay,Wheat,Compost,No,South,2.733
491.14,23.54,47.64,Loamy,Rice,Urea,No,North,5.049
769.69,26.84,52.22,Peaty,Soybean,NPK,No,North,3.163
391.47,28.99,50.14,Clay,Rice,NPK,Yes,North,5.442
1160.86,36.19,54.28,Loamy,Cotton,DAP,No,East,1.922
793.97,29.19,43.82,Peaty,Sugarcane,Urea,Yes,Central,64.203
510.04,27.08,42.78,Clay,Soybean,Urea,Yes,Central,3.067
661.09,25.0,40.74,Peaty,Wheat,NPK,No,West,3.342
351.89,24.08,34.82,Silty,Cotton,Compost,Yes,North,1.996
947.81,25.07,68.75,Silty,Rice,DAP,No,East,5.297
942.02,27.2,57.81,Peaty,Rice,NPK,No,South,4.989
747.85,31.58,57.93,Clay,Sugarcane,Compost,Yes,South,70.089
297.83,20.63,46.44,Loamy,Wheat,Compost,Yes,West,2.832
630.84,30.83,53.55,Sandy,Wheat,NPK,No,West,2.815
582.18,24.17,54.03,Loamy,Maize,NPK,Yes,North,7.466
493.45,23.49,54.57,Sandy,Wheat,NPK,No,North,3.294
897.69,29.55,60.91,Sandy,Sugarcane,DAP,Yes,South,71.93
873.06,25.12,79.77,Clay,Maize,DAP,Yes,South,6.114
747.35,29.38,46.74,Peaty,Maize,NPK,Yes,South,6.229
1192.07,28.94,55.36,Loamy,Rice,Compost,Yes,South,3.921
747.55,31.03,50.57,Peaty,Rice,NPK,Yes,Central,5.103
486.13,33.59,39.14,Silty,Wheat,NPK,Yes,North,3.514
426.28,18.4,46.22,Clay,Maize,None,Yes,North,5.886
840.37,28.02,49.15,Clay,Rice,DAP,No,South,4.864
945.26,23.3,59.56,Silty,Sugarcane,Urea,No,East,79.364
905.72,29.09,58.7,Loamy,Rice,DAP,Yes,South,6.191
821.93,19.97,46.0,Silty,Soybean,NPK,No,West,3.493
993.96,27.26,63.72,Loamy,Soybean,DAP,No,East,3.7
676.66,17.59,47.12,Sandy,Rice,Urea,Yes,West,4.83
1119.95,27.22,54.9,Clay,Maize,Urea,Yes,East,5.802
548.92,27.03,54.49,Loamy,Maize,DAP,Yes,West,7.811
798.06,23.64,55.96,Peaty,Cotton,Urea,Yes,South,2.467
673.63,25.03,53.48,Peaty,Soybean,Urea,Yes,South,3.541
1252.18,25.15,57.1,Clay,Sugarcane,NPK,Yes,East,58.541
726.19,19.25,45.62,Silty,Maize,Urea,Yes,West,6.944
614.44,20.52,58.67,Silty,Wheat,Urea,No,Central,3.73
907.95,27.94,57.57,Loamy,Soybean,NPK,Yes,East,4.21
845.29,32.34,58.74,Silty,Sugarcane,NPK,No,East,82.597
573.57,30.93,52.69,Clay,Sugarcane,DAP,No,North,68.953
948.68,16.86,64.39,Loamy,Maize,Urea,Yes,East,6.939
562.39,33.2,50.79,Unknown,Sugarcane,NPK,No,Central,68.514
784.24,33.51,53.83,Silty,Maize,DAP,Yes,South,6.195
758.86,23.26,60.91,Silty,Rice,Urea,No,West,5.581
492.78,23.36,67.73,Loamy,Soybean,Urea,Yes,North,3.677
647.8399999999999,24.41,39.38,Peaty,Cotton,Urea,Yes,West,2.008
909.7,28.66,53.8,Silty,Rice,Compost,No,South,5.116
897.06,25.48,60.29,Clay,Soybean,NPK,No,East,3.031
796.91,28.95,38.53,Silty,Maize,NPK,Yes,Central,6.629
776.04,20.49,64.4,Sandy,Soybean,Compost,No,North,2.787
409.38,21.64,54.55,Silty,Maize,DAP,No,Central,5.337
593.96,22.62,52.12,Peaty,Rice,Compost,Yes,Central,5.444
720.78,22.92,58.15,Silty,Wheat,DAP,Yes,Central,4.12
688.53,29.14,65.83,Loamy,Wheat,Urea,Yes,Central,4.234
1087.78,28.23,64.07,Silty,Soybean,NPK,Yes,South,3.283
697.1,30.29,43.82,Peaty,Wheat,NPK,No,Central,3.165
730.65,32.41,62.3,Loamy,Maize,DAP,No,Central,6.976
964.62,28.97,66.7,Clay,Sugarcane,NPK,No,South,74.195
547.87,18.09,52.62,Loamy,Maize,DAP,No,West,6.128
977.28,24.91,80.47,Sandy,Sugarcane,DAP,Yes,South,69.755
1060.84,25.59,60.38,Loamy,Rice,Urea,Yes,East,6.106
915.48,28.29,43.96,Clay,Cotton,NPK,No,South,1.997
362.34,22.28,49.32,Silty,Sugarcane,NPK,No,West,81.781
885.85,34.4,58.89,Loamy,Wheat,NPK,Yes,East,3.963
1027.86,24.99,78.37,Loamy,Maize,Urea,Yes,East,7.18
535.73,26.975,53.57,Loamy,Rice,Urea,No,North,6.177
812.35,26.02,54.32,Loamy,Wheat,Compost,Yes,Central,3.547
1113.55,24.42,52.23,Clay,Rice,DAP,Yes,East,4.139
1051.69,18.32,75.5,Peaty,Cotton,DAP,No,East,1.541
763.57,33.21,37.02,Peaty,Maize,None,No,West,3.156
1075.01,23.83,65.25,Loamy,Soybean,NPK,No,East,3.707
571.06,30.15,35.35,Clay,Maize,DAP,No,West,4.767
699.13,24.87,51.65,Clay,Cotton,Urea,Yes,Central,2.314
385.17,23.85,44.86,Loamy,Maize,Urea,No,North,5.554
774.01,20.78,49.99,Sandy,Soybean,NPK,Yes,North,3.169
511.83,18.09,47.28,Loamy,Sugarcane,NPK,No,Central,77.178
387.38,24.77,48.87,Sandy,Rice,NPK,Yes,Central,4.547
1218.1,24.56,60.67,Loamy,Soybean,DAP,No,South,2.641
986.07,34.18,58.78,Sandy,Wheat,Urea,No,East,2.337
1134.21,27.36,57.13,Sandy,Cotton,None,Yes,East,1.358
1109.94,32.71,60.26,Loamy,Sugarcane,None,No,East,60.678
806.81,19.49,63.92,Sandy,Wheat,Compost,Yes,West,2.694
988.67,27.26,56.08,Silty,Wheat,Urea,Yes,South,3.625
1089.61,29.75,74.28,Peaty,Cotton,Compost,Yes,East,1.484
299.0,27.56,53.75,Clay,Sugarcane,NPK,No,West,67.81
505.46,27.75,52.18,Sandy,Wheat,NPK,No,West,3.003
155.82,25.75,43.18,Sandy,Wheat,NPK,Yes,North,2.744
527.01,21.03,42.93,Clay,Sugarcane,Urea,Yes,West,79.025
620.04,20.17,53.19,Sandy,Maize,Urea,No,Central,5.286
632.51,30.53,66.72,Clay,Wheat,Urea,Yes,West,3.606
557.84,23.7,44.56,Loamy,Rice,None,No,Central,3.857
647.14,24.87,55.29,Silty,Sugarcane,Compost,No,Central,73.919
472.32,23.7,42.18,Silty,Wheat,NPK,No,North,3.215
601.81,22.53,48.81,Peaty,Cotton,Urea,Yes,North,2.118
763.87,19.69,57.68,Sandy,Soybean,None,Yes,West,1.948
582.13,34.68,54.56,Peaty,Rice,NPK,No,North,4.341
644.55,16.81,53.83,Loamy,Soybean,Urea,Yes,North,3.366
1028.63,30.44,65.42,Silty,Soybean,NPK,Yes,East,3.32
828.05,32.44,60.2,Loamy,Wheat,DAP,Yes,West,3.755
929.62,27.71,55.97,Loamy,Rice,Urea,No,West,6.171
283.06,26.13,51.45,Sandy,Rice,DAP,No,West,3.074
719.98,28.16,46.67,Loamy,Maize,None,Yes,North,6.256
356.56,25.0,45.06,Silty,Soybean,None,No,North,2.104
727.87,31.91,50.84,Peaty,Rice,DAP,Yes,Central,4.974
939.2,32.6,61.76,Silty,Maize,NPK,No,South,7.228
991.27,27.19,40.81,Sandy,Sugarcane,NPK,Yes,South,54.965
892.36,18.75,54.65,Silty,Maize,NPK,No,South,6.811
999.27,30.38,63.64,Clay,Cotton,DAP,No,East,2.236
601.51,33.42,71.79,Peaty,Wheat,Compost,Yes,North,3.048
648.08,30.04,53.36,Clay,Sugarcane,NPK,No,Central,86.977
415.08,31.93,39.65,Clay,Sugarcane,Urea,Yes,Central,71.307
899.74,23.35,63.39,Sandy,Cotton,DAP,No,South,1.894
887.68,24.63,60.05,Loamy,Maize,NPK,No,East,7.546
874.86,27.075,46.63,Clay,Wheat,DAP,No,East,3.113
760.26,30.33,56.67,Silty,Maize,None,Yes,South,5.891
604.31,25.76,62.67,Loamy,Rice,Urea,No,South,5.871
490.05,25.64,43.39,Silty,Maize,None,Yes,North,6.468
1000.12,27.1,58.31,Silty,Sugarcane,Urea,No,East,79.438
815.2,25.51,61.85,Loamy,Wheat,Urea,No,Central,4.517
811.39,27.03,64.41,Loamy,Maize,DAP,No,South,7.479
786.63,42.72,67.14,Silty,Wheat,NPK,No,North,2.191
787.56,23.48,50.17,Sandy,Wheat,NPK,Yes,Central,3.581
831.84,18.03,55.64,Peaty,Rice,Urea,No,East,4.701
826.76,23.69,39.18,Peaty,Rice,Urea,Yes,South,4.778
1203.23,29.77,60.91,Sandy,Sugarcane,Compost,Yes,South,42.298
663.99,30.01,44.89,Loamy,Cotton,Compost,No,North,2.148
470.97,21.62,50.54,Silty,Wheat,NPK,Yes,North,3.938
1133.9,25.12,69.76,Peaty,Cotton,Urea,Yes,East,1.677
710.82,31.33,59.74,Silty,Sugarcane,Compost,Yes,South,79.944
467.1,26.46,40.06,Sandy,Wheat,NPK,Yes,North,2.679
550.51,21.88,47.82,Silty,Wheat,None,Yes,South,2.79
1090.56,22.93,65.5,Sandy,Soybean,NPK,Yes,East,3.148
725.17,34.04,55.5,Loamy,Cotton,Urea,No,South,2.29
687.91,24.73,48.13,Sandy,Maize,Urea,No,Central,5.452
668.03,27.26,56.36,Sandy,Rice,Compost,No,South,4.198
680.06,19.01,59.73,Peaty,Maize,Compost,Yes,West,6.743
638.88,27.075,51.26,Silty,Cotton,NPK,No,West,2.789
778.92,41.12,47.66,Peaty,Rice,NPK,Yes,East,4.182
928.4,35.95,61.59,Clay,Maize,Compost,Yes,East,4.696
1019.98,28.27,53.5,Sandy,Soybean,DAP,No,East,2.549
766.78,35.08,53.87,Clay,Rice,DAP,Yes,Central,4.368
937.5,30.02,37.65,Peaty,Wheat,Urea,No,Central,2.956
1082.68,38.63,59.05,Silty,Maize,Urea,No,South,4.394
445.74,30.34,41.79,Peaty,Rice,Compost,Yes,North,4.01
543.91,33.7,56.58,Silty,Soybean,Urea,Yes,West,3.104
435.4,16.44,60.17,Silty,Rice,Urea,Yes,West,5.149
498.54,28.93,44.74,Loamy,Rice,Urea,Yes,West,5.692
1029.02,23.93,53.08,Sandy,Soybean,Urea,No,South,2.348
661.63,29.81,58.38,Peaty,Maize,Urea,No,South,5.553
976.76,29.61,60.05,Silty,Sugarcane,NPK,Yes,East,79.035
504.77,33.92,52.07,Peaty,Maize,DAP,Yes,North,5.888
886.32,32.22,57.46,Peaty,Cotton,Compost,No,East,1.778
704.65,19.95,52.34,Silty,Soybean,Compost,Yes,South,2.744
415.85,17.75,41.61,Clay,Maize,None,Yes,Central,4.341
806.0,25.97,39.23,Sandy,Rice,Urea,Yes,East,4.275
887.53,30.75,65.54,Sandy,Soybean,DAP,No,South,2.833
989.65,30.17,64.83,Loamy,Wheat,Urea,Yes,South,3.864
941.79,27.34,58.37,Loamy,Maize,Compost,Yes,Central,6.767
750.17,30.07,56.84,Loamy,Soybean,None,No,Central,2.866
788.92,31.11,54.57,Sandy,Maize,NPK,No,Central,5.701
791.23,27.34,63.68,Clay,Soybean,NPK,Yes,North,3.737
950.75,30.11,57.43,Sandy,Rice,DAP,Yes,South,4.477
847.46,30.55,56.7,Sandy,Wheat,NPK,Yes,Central,3.344
493.06,26.83,51.04,Sandy,Wheat,Urea,Yes,North,3.207
758.19,34.4,52.08,Sandy,Cotton,Compost,Yes,West,1.481
681.5,21.01,52.89,Clay,Soybean,Compost,Yes,West,3.504
613.72,35.25,51.22,Loamy,Maize,DAP,Yes,West,6.422
1132.08,32.23,57.16,Peaty,Wheat,Urea,Yes,South,2.946
369.54,37.8,39.77,Loamy,Wheat,NPK,No,North,3.018
421.01,19.4,46.84,Loamy,Sugarcane,Urea,Yes,North,81.526
826.64,25.24,54.11,Peaty,Sugarcane,Urea,Yes,West,66.182
1145.67,29.41,71.38,Sandy,Wheat,DAP,Yes,East,2.377
651.9,28.29,45.34,Clay,Soybean,DAP,Yes,West,3.479
950.95,24.84,54.56,Clay,Cotton,NPK,No,South,2.253
727.61,28.53,56.03,Loamy,Wheat,Compost,Yes,West,4.394
704.75,33.23,57.28,Peaty,Rice,NPK,No,West,4.517
586.17,27.7,50.61,Silty,Maize,DAP,Yes,North,7.51
523.93,20.18,57.03,Sandy,Cotton,NPK,No,West,1.981
885.73,37.27,56.88,Loamy,Rice,NPK,Yes,Central,5.186
669.39,22.21,46.44,Clay,Cotton,DAP,Yes,Central,2.547
851.41,20.91,56.71,Peaty,Rice,DAP,Yes,East,4.155
920.11,23.37,64.36,Peaty,Maize,NPK,Yes,South,6.826
951.48,23.93,66.81,Loamy,Maize,Urea,Yes,South,7.891
609.3,28.38,59.74,Silty,Sugarcane,DAP,Yes,North,81.586
1045.92,40.05,62.47,Clay,Soybean,Urea,No,South,1.938
943.03,22.52,60.96,Loamy,Rice,Urea,Yes,East,6.016
690.23,32.47,58.52,Silty,Sugarcane,Urea,Yes,Central,76.581
423.41,36.76,35.44,Peaty,Rice,DAP,Yes,North,3.719
735.06,24.88,48.96,Sandy,Sugarcane,NPK,No,Central,76.491
871.2,26.5,59.81,Clay,Maize,DAP,Yes,East,6.93
461.51,28.53,41.34,Clay,Cotton,NPK,Yes,North,2.166
797.52,24.72,65.16,Silty,Sugarcane,DAP,Yes,West,91.232
920.47,17.92,66.95,Loamy,Rice,None,No,South,4.46
1213.68,33.76,59.94,Peaty,Rice,None,No,East,2.775
726.51,27.79,47.28,Silty,Soybean,NPK,Yes,North,3.868
732.36,24.18,58.09,Sandy,Maize,None,Yes,Central,5.42
603.06,26.78,41.84,Sandy,Rice,NPK,Yes,North,5.094
614.23,25.42,53.4,Sandy,Wheat,NPK,Yes,West,3.65
1156.59,29.96,85.77,Silty,Cotton,Urea,Yes,East,1.814
604.47,22.5,44.02,Peaty,Sugarcane,DAP,Yes,North,78.131
1136.43,25.11,56.47,Clay,Soybean,NPK,Yes,East,3.533
902.97,27.075,53.12,Loamy,Cotton,DAP,Yes,East,3.055
495.84,17.16,42.73,Clay,Maize,NPK,Yes,Central,5.722
975.34,25.77,52.73,Peaty,Soybean,NPK,Yes,South,2.955
755.42,23.56,68.86,Clay,Sugarcane,DAP,Yes,West,85.314
561.28,30.04,51.73,Silty,Sugarcane,NPK,Yes,North,86.282
986.79,28.24,67.01,Sandy,Wheat,Urea,No,South,2.558
572.2,33.34,61.04,Peaty,Maize,DAP,No,Central,6.248
1040.89,27.19,46.38,Peaty,Soybean,Compost,Yes,South,3.07
1175.76,23.92,60.05,Clay,Soybean,Urea,Yes,East,2.262
1153.1,27.98,55.81,Silty,Rice,Compost,Yes,East,4.102
668.6,33.46,32.31,Clay,Wheat,Compost,Yes,West,2.414
727.97,21.47,57.97,Clay,Wheat,Urea,No,North,3.153
378.57,22.98,50.0,Peaty,Soybean,NPK,Yes,North,3.459
786.02,27.005000000000003,66.3,Clay,Soybean,Compost,No,Central,2.679
757.47,38.52,58.94,Sandy,Cotton,DAP,Yes,West,1.795
625.19,35.53,31.64,Clay,Cotton,Urea,No,North,1.775
858.94,35.58,51.56,Sandy,Cotton,NPK,No,East,1.824
684.4,29.16,48.65,Peaty,Wheat,NPK,No,West,3.145
861.58,27.66,61.32,Silty,Rice,Urea,Yes,South,6.065
356.39,36.51,25.91,Sandy,Sugarcane,Urea,No,West,34.423
473.34,25.37,53.82,Silty,Cotton,NPK,Yes,West,2.69
724.19,21.95,60.79,Silty,Rice,Compost,No,North,4.917
640.31,28.42,50.8,Unknown,Maize,Urea,No,Central,5.602
858.42,25.2,50.78,Peaty,Cotton,Compost,Yes,Central,2.243
721.55,23.16,63.86,Loamy,Sugarcane,Compost,No,North,87.17
631.94,31.25,41.57,Silty,Maize,NPK,No,North,5.964
457.84,25.75,58.32,Silty,Maize,Urea,No,North,6.605
841.64,27.92,64.1,Peaty,Sugarcane,Compost,Yes,Central,73.421
582.03,29.71,56.13,Peaty,Cotton,Urea,No,North,2.18
906.7,18.17,72.67,Clay,Wheat,None,No,South,2.272
763.26,33.2,55.4,Peaty,Sugarcane,NPK,No,South,69.861
924.88,38.5,63.47,Silty,Sugarcane,NPK,No,East,65.993
765.44,33.4,54.92,Sandy,Sugarcane,NPK,Yes,South,72.934
793.87,10.0,53.31,Loamy,Maize,DAP,Yes,West,5.062
1230.16,28.13,68.83,Clay,Rice,None,Yes,East,3.251
1038.55,17.71,58.34,Sandy,Wheat,Urea,Yes,South,2.453
679.84,32.97,54.1,Loamy,Cotton,NPK,No,West,2.652
853.97,32.99,57.62,Loamy,Cotton,Urea,Yes,South,2.679
721.46,28.86,51.19,Loamy,Rice,DAP,Yes,West,6.556
487.44,13.78,55.63,Sandy,Sugarcane,Compost,Yes,North,51.462
645.3,27.05,38.74,Clay,Wheat,NPK,Yes,West,3.804
426.78,21.4,42.97,Clay,Cotton,NPK,Yes,North,2.337
647.8399999999999,27.69,47.16,Loamy,Soybean,Compost,Yes,West,3.637
755.14,26.93,57.56,Sandy,Cotton,DAP,Yes,West,2.374
1036.33,32.21,58.82,Loamy,Sugarcane,None,No,South,66.849
733.67,26.21,43.32,Peaty,Soybean,Urea,No,West,2.917
973.2,35.36,63.22,Clay,Rice,NPK,Yes,South,4.596
493.43,28.99,51.69,Silty,Wheat,Compost,Yes,West,3.27
537.15,24.37,51.03,Loamy,Rice,DAP,Yes,Central,6.098
1049.66,26.56,67.24,Peaty,Rice,Urea,Yes,East,5.516
1065.13,33.44,65.48,Clay,Wheat,DAP,No,South,3.181
859.92,34.1,55.33,Sandy,Wheat,DAP,Yes,South,3.13
550.84,13.62,54.35,Clay,Cotton,Urea,Yes,North,2.152
702.4,27.005000000000003,65.0,Sandy,Cotton,Urea,Yes,Central,2.082
273.51,23.86,44.24,Sandy,Wheat,DAP,No,North,2.466
736.06,34.03,64.69,Loamy,Soybean,Compost,Yes,Central,3.601
617.52,33.29,67.51,Loamy,Maize,NPK,Yes,Central,7.568
741.66,32.02,57.47,Clay,Cotton,Urea,Yes,West,2.114
545.3,32.68,42.86,Peaty,Maize,DAP,Yes,North,5.126
973.11,35.56,57.08,Clay,Soybean,DAP,No,East,2.624
676.38,29.8,54.83,Silty,Wheat,Compost,Yes,Central,3.555
650.95,32.45,53.18,Sandy,Soybean,NPK,No,Central,2.823
695.77,29.16,54.95,Sandy,Cotton,Compost,Yes,South,1.959
793.0,32.28,65.58,Loamy,Rice,NPK,Yes,West,5.996
904.91,24.58,51.3,Peaty,Wheat,Compost,Yes,East,3.612
629.84,22.66,55.54,Loamy,Sugarcane,Compost,No,Central,74.504
911.86,23.7,65.61,Silty,Maize,DAP,Yes,South,7.008
382.67,25.62,45.65,Clay,Soybean,NPK,Yes,North,3.286
625.14,31.08,44.3,Clay,Wheat,None,Yes,Central,2.789
1187.47,35.25,62.11,Peaty,Soybean,Compost,No,South,1.461
600.51,23.97,43.68,Loamy,Wheat,NPK,No,North,4.179
521.33,39.64,44.77,Loamy,Cotton,Urea,No,West,1.606
237.8,25.89,49.41,Silty,Cotton,None,Yes,North,1.964
850.21,27.1,59.12,Clay,Cotton,Urea,Yes,Central,2.479
848.19,28.43,62.66,Loamy,Soybean,DAP,Yes,East,3.99
468.57,26.975,53.24,Peaty,Sugarcane,Urea,Yes,North,68.064
937.56,24.5,57.1,Clay,Cotton,None,No,East,1.583
863.03,25.48,49.18,Silty,Wheat,NPK,No,East,3.819
538.56,21.13,53.36,Peaty,Cotton,None,No,North,1.387
567.29,22.9,47.07,Sandy,Rice,NPK,Yes,West,5.445
641.67,26.61,51.72,Silty,Cotton,Compost,No,North,2.192
921.08,24.97,52.7,Peaty,Soybean,None,No,South,2.631
1214.82,23.76,71.53,Loamy,Sugarcane,None,Yes,East,56.369
917.85,32.13,40.43,Sandy,Rice,Compost,Yes,Central,3.884
856.78,18.24,60.05,Silty,Soybean,Urea,Yes,East,3.213
650.95,29.93,54.21,Loamy,Soybean,NPK,Yes,Central,4.274
1223.15,27.75,71.56,Sandy,Soybean,None,No,South,1.6
726.23,28.42,44.74,Clay,Wheat,NPK,Yes,South,3.353
1019.64,20.86,60.02,Loamy,Soybean,NPK,Yes,South,4.107
632.2,24.22,49.22,Peaty,Wheat,None,Yes,North,3.107
872.66,28.96,56.19,Silty,Soybean,NPK,Yes,East,3.665
579.9,27.005000000000003,51.74,Sandy,Maize,NPK,Yes,Central,6.857
1176.74,19.32,59.7,Loamy,Rice,NPK,No,South,4.779
1173.74,25.65,62.61,Clay,Maize,DAP,Yes,South,5.196
764.49,26.05,65.2,Silty,Soybean,Compost,No,Central,3.384
792.07,30.65,67.42,Silty,Rice,Compost,No,East,5.351
1188.53,32.68,65.68,Loamy,Rice,NPK,Yes,East,5.448
491.43,27.69,61.56,Clay,Sugarcane,Compost,No,Central,72.82
757.28,29.18,43.6,Sandy,Maize,Urea,Yes,West,4.895
757.11,32.28,61.58,Loamy,Sugarcane,Urea,No,East,70.261
701.14,26.06,55.72,Sandy,Rice,NPK,No,Central,4.724
832.75,29.71,53.69,Silty,Wheat,Compost,Yes,Central,3.383
476.2,19.9,54.43,Sandy,Rice,DAP,Yes,South,5.562
620.74,24.19,53.67,Clay,Sugarcane,Urea,No,Central,73.391
573.0,35.57,46.67,Peaty,Maize,Compost,Yes,North,4.774
848.37,32.12,62.56,Clay,Soybean,Urea,Yes,South,3.046
799.34,31.18,55.63,Sandy,Soybean,DAP,No,South,2.723
979.98,22.57,53.88,Loamy,Maize,DAP,No,East,6.017
805.63,19.38,62.6,Silty,Soybean,Compost,Yes,West,3.586
1205.34,22.21,50.47,Peaty,Soybean,Compost,Yes,East,2.525
655.75,27.52,66.26,Loamy,Sugarcane,DAP,Yes,North,86.751
1133.0,29.66,69.91,Unknown,Maize,NPK,Yes,South,7.007
819.78,34.92,41.27,Clay,Cotton,DAP,Yes,South,2.093
789.52,20.98,65.5,Sandy,Wheat,Urea,No,Central,3.041
497.17,24.17,50.62,Clay,Wheat,Urea,Yes,West,3.64
1089.67,35.16,45.33,Sandy,Soybean,DAP,Yes,West,1.973
715.02,19.05,39.41,Clay,Wheat,Urea,No,Central,2.915
670.62,28.1,57.99,Loamy,Maize,Urea,Yes,North,8.216
385.63,17.38,38.97,Silty,Maize,Compost,Yes,West,4.491
1017.2,25.26,53.34,Sandy,Rice,Compost,No,South,3.807
567.05,36.83,52.18,Peaty,Rice,Compost,No,North,3.465
1069.62,29.75,65.44,Peaty,Wheat,NPK,No,East,3.019
1002.04,33.62,61.74,Loamy,Cotton,Urea,No,East,2.243
532.03,29.73,43.39,Clay,Rice,None,Yes,North,4.124
853.78,29.64,57.89,Unknown,Rice,Urea,No,South,4.713
986.55,18.84,51.25,Loamy,Maize,NPK,Yes,East,7.083
1120.24,37.33,64.25,Peaty,Cotton,Urea,Yes,South,1.718
644.89,35.15,54.34,Peaty,Soybean,NPK,Yes,Central,3.059
988.82,23.27,62.96,Clay,Wheat,Compost,Yes,West,3.028
559.21,34.66,52.66,Sandy,Rice,Urea,Yes,North,3.713
860.0,32.32,58.1,Silty,Cotton,Compost,Yes,West,2.029
871.59,30.27,64.58,Sandy,Cotton,Urea,Yes,Central,1.826
765.48,28.06,56.09,Peaty,Wheat,NPK,Yes,East,3.715
697.22,26.5,61.02,Sandy,Cotton,NPK,No,South,2.161
798.27,35.7,52.83,Silty,Cotton,Urea,No,South,1.905
468.45,27.67,43.08,Sandy,Cotton,DAP,Yes,Central,1.905
488.04,26.975,59.37,Sandy,Rice,Urea,Yes,North,4.438
654.22,35.29,49.33,Sandy,Wheat,NPK,Yes,West,3.187
1097.29,32.81,61.07,Sandy,Cotton,DAP,Yes,East,1.914
577.09,20.82,44.92,Loamy,Cotton,Compost,No,North,2.519
700.79,24.08,69.91,Peaty,Rice,None,Yes,Central,4.533
853.56,22.89,44.83,Silty,Wheat,DAP,Yes,Central,4.162
1033.48,29.23,68.53,Peaty,Maize,None,Yes,South,4.675
1286.18,24.59,50.84,Loamy,Rice,Compost,No,East,4.105
577.99,25.09,48.53,Loamy,Wheat,Urea,Yes,North,4.282
904.26,25.83,56.69,Loamy,Cotton,DAP,No,South,2.602
1064.08,28.85,74.72,Loamy,Wheat,NPK,Yes,East,3.459
990.35,25.69,57.9,Sandy,Wheat,DAP,No,West,2.849
803.9,31.84,51.75,Peaty,Soybean,Urea,No,West,2.577
1088.3,21.55,63.4,Clay,Wheat,Urea,Yes,South,3.037
564.22,19.6,64.49,Silty,Maize,NPK,No,North,7.364
1136.97,23.74,64.1,Loamy,Wheat,Compost,No,East,3.219
846.19,21.92,61.01,Peaty,Maize,Compost,No,West,5.952
599.86,27.28,46.88,Loamy,Cotton,Urea,No,West,2.574
474.88,25.0,56.77,Loamy,Maize,NPK,Yes,North,7.591
968.21,20.51,46.83,Loamy,Cotton,None,Yes,South,2.41
845.39,20.41,66.93,Loamy,Cotton,Urea,No,Central,2.542
586.69,27.91,62.37,Loamy,Maize,Urea,Yes,East,8.228
620.78,31.5,68.58,Silty,Rice,NPK,No,West,6.136
700.96,23.47,58.75,Peaty,Sugarcane,NPK,Yes,Central,70.429
531.61,26.56,46.32,Loamy,Wheat,Compost,Yes,North,3.795
1153.44,23.79,74.79,Loamy,Soybean,None,No,South,2.595
906.4,26.24,67.17,Loamy,Sugarcane,Compost,No,East,79.112
507.09,35.81,44.34,Loamy,Wheat,Urea,Yes,North,3.891
999.29,39.5,61.65,Sandy,Wheat,NPK,Yes,South,2.419
699.07,24.77,30.67,Sandy,Cotton,Compost,No,North,1.647
793.42,24.44,44.83,Clay,Wheat,None,No,West,3.089
655.6,29.16,59.68,Loamy,Soybean,Urea,No,West,3.301
785.57,27.6,68.79,Clay,Wheat,Compost,Yes,Central,3.398
628.99,30.41,59.18,Silty,Maize,NPK,Yes,North,7.178
544.44,26.38,51.33,Clay,Sugarcane,DAP,No,West,73.481
637.34,26.09,44.48,Peaty,Maize,DAP,Yes,South,7.175
565.45,29.21,56.46,Sandy,Soybean,NPK,Yes,Central,2.997
1215.81,28.21,48.99,Sandy,Wheat,DAP,Yes,East,2.077
881.98,24.59,61.76,Loamy,Soybean,Compost,Yes,North,3.8
636.35,27.62,45.51,Loamy,Cotton,NPK,Yes,West,3.144
1110.03,27.63,68.24,Silty,Maize,Urea,Yes,South,5.74
505.39,13.2,56.54,Silty,Maize,None,No,North,3.266
952.35,26.71,54.52,Peaty,Rice,NPK,Yes,South,6.009
607.87,31.52,59.63,Loamy,Wheat,Compost,Yes,Central,3.767
802.18,24.81,42.01,Loamy,Cotton,DAP,Yes,West,2.857
554.21,23.28,49.94,Silty,Maize,None,No,West,5.834
566.11,23.3,57.65,Silty,Maize,Urea,No,Central,6.747
907.01,28.64,63.11,Silty,Cotton,DAP,Yes,South,2.616
672.51,22.07,49.0,Sandy,Soybean,DAP,Yes,North,2.849
924.55,28.19,65.55,Clay,Soybean,DAP,Yes,South,3.263
479.65,27.79,56.95,Clay,Wheat,Compost,No,North,2.974
565.05,20.33,41.91,Loamy,Rice,None,Yes,Central,5.315
746.97,31.73,54.04,Sandy,Maize,NPK,Yes,East,5.931
481.56,33.26,51.19,Silty,Rice,DAP,No,North,4.366
627.06,28.26,53.99,Loamy,Soybean,DAP,No,West,3.782
733.09,27.19,61.15,Sandy,Soybean,NPK,Yes,West,3.184
